1,19/06/2024,110410002,NULL,NULL,173077,NULL,NULL,NULL,,NULL,NULL,NULL,NULL,NULL,NULL,NULL,NULL,NULL,NULL,NULL,NULL,NULL,6,06/06/2026,0,NULL,NULL,0
2,04/04/2023,110410002,NULL,NULL,205193,NULL,NULL,NULL,,NULL,NULL,NULL,NULL,NULL,NULL,NULL,NULL,NULL,NULL,NULL,NULL,NULL,6,06/06/2026,0,NULL,NULL,0
3,16/01/2025,110410003,NULL,NULL,96154,NULL,NULL,NULL,,NULL,NULL,NULL,NULL,NULL,NULL,NULL,NULL,NULL,NULL,NULL,NULL,NULL,6,06/06/2026,0,NULL,NULL,0
4,20/12/2023,110410003,NULL,NULL,269230,NULL,NULL,NULL,,NULL,NULL,NULL,NULL,NULL,NULL,NULL,NULL,NULL,NULL,NULL,NULL,NULL,6,06/06/2026,0,NULL,NULL,0
5,06/04/2023,110410003,NULL,NULL,170576,NULL,NULL,NULL,,NULL,NULL,NULL,NULL,NULL,NULL,NULL,NULL,NULL,NULL,NULL,NULL,NULL,6,06/06/2026,0,NULL,NULL,0
6,18/07/2023,110410003,NULL,NULL,395577,NULL,NULL,NULL,,NULL,NULL,NULL,NULL,NULL,NULL,NULL,NULL,NULL,NULL,NULL,NULL,NULL,6,06/06/2026,0,NULL,NULL,0
7,24/07/2023,110410004,NULL,NULL,50000,NULL,NULL,NULL,,NULL,NULL,NULL,NULL,NULL,NULL,NULL,NULL,NULL,NULL,NULL,NULL,NULL,6,06/06/2026,0,NULL,NULL,0
8,16/08/2023,110410004,NULL,NULL,30000,NULL,NULL,NULL,,NULL,NULL,NULL,NULL,NULL,NULL,NULL,NULL,NULL,NULL,NULL,NULL,NULL,6,06/06/2026,0,NULL,NULL,0
9,26/09/2023,110410004,NULL,NULL,30000,NULL,NULL,NULL,,NULL,NULL,NULL,NULL,NULL,NULL,NULL,NULL,NULL,NULL,NULL,NULL,NULL,6,06/06/2026,0,NULL,NULL,0
10,30/05/2023,110410004,NULL,NULL,100000.01,NULL,NULL,NULL,,NULL,NULL,NULL,NULL,NULL,NULL,NULL,NULL,NULL,NULL,NULL,NULL,NULL,6,06/06/2026,0,NULL,NULL,0
11,22/01/2023,110410004,NULL,NULL,200000,NULL,NULL,NULL,,NULL,NULL,NULL,NULL,NULL,NULL,NULL,NULL,NULL,NULL,NULL,NULL,NULL,6,06/06/2026,0,NULL,NULL,0
12,26/02/2024,110410004,NULL,NULL,200000,NULL,NULL,NULL,,NULL,NULL,NULL,NULL,NULL,NULL,NULL,NULL,NULL,NULL,NULL,NULL,NULL,6,06/06/2026,0,NULL,NULL,0
13,25/02/2024,110410004,NULL,NULL,100000,NULL,NULL,NULL,,NULL,NULL,NULL,NULL,NULL,NULL,NULL,NULL,NULL,NULL,NULL,NULL,NULL,6,06/06/2026,0,NULL,NULL,0
14,26/01/2024,110410004,NULL,NULL,96154,NULL,NULL,NULL,,NULL,NULL,NULL,NULL,NULL,NULL,NULL,NULL,NULL,NULL,NULL,NULL,NULL,6,06/06/2026,0,NULL,NULL,0
15,08/07/2024,110410004,NULL,NULL,50000,NULL,NULL,NULL,,NULL,NULL,NULL,NULL,NULL,NULL,NULL,NULL,NULL,NULL,NULL,NULL,NULL,6,06/06/2026,0,NULL,NULL,0
16,07/03/2023,110410004,NULL,NULL,100000.01,NULL,NULL,NULL,,NULL,NULL,NULL,NULL,NULL,NULL,NULL,NULL,NULL,NULL,NULL,NULL,NULL,6,06/06/2026,0,NULL,NULL,0
17,05/11/2024,110410004,NULL,NULL,10000,NULL,NULL,NULL,,NULL,NULL,NULL,NULL,NULL,NULL,NULL,NULL,NULL,NULL,NULL,NULL,NULL,6,06/06/2026,0,NULL,NULL,0
18,03/10/2024,110410004,NULL,NULL,35000,NULL,NULL,NULL,,NULL,NULL,NULL,NULL,NULL,NULL,NULL,NULL,NULL,NULL,NULL,NULL,NULL,6,06/06/2026,0,NULL,NULL,0
19,06/02/2023,110410005,NULL,NULL,222500,NULL,NULL,NULL,,NULL,NULL,NULL,NULL,NULL,NULL,NULL,NULL,NULL,NULL,NULL,NULL,NULL,6,06/06/2026,0,NULL,NULL,0
20,12/04/2023,110410005,NULL,NULL,291730,NULL,NULL,NULL,,NULL,NULL,NULL,NULL,NULL,NULL,NULL,NULL,NULL,NULL,NULL,NULL,NULL,6,06/06/2026,0,NULL,NULL,0
21,04/10/2023,110410005,NULL,NULL,365385,NULL,NULL,NULL,,NULL,NULL,NULL,NULL,NULL,NULL,NULL,NULL,NULL,NULL,NULL,NULL,NULL,6,06/06/2026,0,NULL,NULL,0
22,06/04/2023,110410006,NULL,NULL,449432,NULL,NULL,NULL,,NULL,NULL,NULL,NULL,NULL,NULL,NULL,NULL,NULL,NULL,NULL,NULL,NULL,6,06/06/2026,0,NULL,NULL,0
23,27/04/2023,110410007,NULL,NULL,257115,NULL,NULL,NULL,,NULL,NULL,NULL,NULL,NULL,NULL,NULL,NULL,NULL,NULL,NULL,NULL,NULL,6,06/06/2026,0,NULL,NULL,0
24,10/02/2023,110410007,NULL,NULL,170577,NULL,NULL,NULL,,NULL,NULL,NULL,NULL,NULL,NULL,NULL,NULL,NULL,NULL,NULL,NULL,NULL,6,06/06/2026,0,NULL,NULL,0
25,22/04/2024,110410007,NULL,NULL,269231,NULL,NULL,NULL,,NULL,NULL,NULL,NULL,NULL,NULL,NULL,NULL,NULL,NULL,NULL,NULL,NULL,6,06/06/2026,0,NULL,NULL,0
26,12/02/2025,110410010,NULL,NULL,180000,NULL,NULL,NULL,,NULL,NULL,NULL,NULL,NULL,NULL,NULL,NULL,NULL,NULL,NULL,NULL,NULL,6,06/06/2026,0,NULL,NULL,0
27,21/03/2025,110410011,NULL,NULL,20000,NULL,NULL,NULL,,NULL,NULL,NULL,NULL,NULL,NULL,NULL,NULL,NULL,NULL,NULL,NULL,NULL,6,06/06/2026,0,NULL,NULL,0
28,08/04/2023,110410011,NULL,NULL,130000,NULL,NULL,NULL,,NULL,NULL,NULL,NULL,NULL,NULL,NULL,NULL,NULL,NULL,NULL,NULL,NULL,6,06/06/2026,0,NULL,NULL,0
29,08/04/2023,110410011,NULL,NULL,130000,NULL,NULL,NULL,,NULL,NULL,NULL,NULL,NULL,NULL,NULL,NULL,NULL,NULL,NULL,NULL,NULL,6,06/06/2026,0,NULL,NULL,0
30,28/08/2025,110410011,NULL,NULL,40000,NULL,NULL,NULL,,NULL,NULL,NULL,NULL,NULL,NULL,NULL,NULL,NULL,NULL,NULL,NULL,NULL,6,06/06/2026,0,NULL,NULL,0
31,26/06/2024,110410011,NULL,NULL,30000,NULL,NULL,NULL,,NULL,NULL,NULL,NULL,NULL,NULL,NULL,NULL,NULL,NULL,NULL,NULL,NULL,6,06/06/2026,0,NULL,NULL,0
32,20/02/2023,110410011,NULL,NULL,260000,NULL,NULL,NULL,,NULL,NULL,NULL,NULL,NULL,NULL,NULL,NULL,NULL,NULL,NULL,NULL,NULL,6,06/06/2026,0,NULL,NULL,0
33,16/01/2024,110410011,NULL,NULL,25000,NULL,NULL,NULL,,NULL,NULL,NULL,NULL,NULL,NULL,NULL,NULL,NULL,NULL,NULL,NULL,NULL,6,06/06/2026,0,NULL,NULL,0
34,25/12/2024,110410011,NULL,NULL,20000,NULL,NULL,NULL,,NULL,NULL,NULL,NULL,NULL,NULL,NULL,NULL,NULL,NULL,NULL,NULL,NULL,6,06/06/2026,0,NULL,NULL,0
35,22/10/2024,110410011,NULL,NULL,20000,NULL,NULL,NULL,,NULL,NULL,NULL,NULL,NULL,NULL,NULL,NULL,NULL,NULL,NULL,NULL,NULL,6,06/06/2026,0,NULL,NULL,0
36,16/03/2023,110410011,NULL,NULL,130000,NULL,NULL,NULL,,NULL,NULL,NULL,NULL,NULL,NULL,NULL,NULL,NULL,NULL,NULL,NULL,NULL,6,06/06/2026,0,NULL,NULL,0
37,30/04/2026,110410011,NULL,NULL,15000,NULL,NULL,NULL,,NULL,NULL,NULL,NULL,NULL,NULL,NULL,NULL,NULL,NULL,NULL,NULL,NULL,6,06/06/2026,0,NULL,NULL,0
38,18/05/2023,110410011,NULL,NULL,25000,NULL,NULL,NULL,,NULL,NULL,NULL,NULL,NULL,NULL,NULL,NULL,NULL,NULL,NULL,NULL,NULL,6,06/06/2026,0,NULL,NULL,0
39,19/05/2023,110410011,NULL,NULL,130000,NULL,NULL,NULL,,NULL,NULL,NULL,NULL,NULL,NULL,NULL,NULL,NULL,NULL,NULL,NULL,NULL,6,06/06/2026,0,NULL,NULL,0
40,24/08/2023,110410011,NULL,NULL,50000,NULL,NULL,NULL,,NULL,NULL,NULL,NULL,NULL,NULL,NULL,NULL,NULL,NULL,NULL,NULL,NULL,6,06/06/2026,0,NULL,NULL,0
41,02/02/2023,110410011,NULL,NULL,130000,NULL,NULL,NULL,,NULL,NULL,NULL,NULL,NULL,NULL,NULL,NULL,NULL,NULL,NULL,NULL,NULL,6,06/06/2026,0,NULL,NULL,0
42,23/06/2023,110410011,NULL,NULL,130000,NULL,NULL,NULL,,NULL,NULL,NULL,NULL,NULL,NULL,NULL,NULL,NULL,NULL,NULL,NULL,NULL,6,06/06/2026,0,NULL,NULL,0
43,27/12/2023,110410012,NULL,NULL,242308,NULL,NULL,NULL,,NULL,NULL,NULL,NULL,NULL,NULL,NULL,NULL,NULL,NULL,NULL,NULL,NULL,6,06/06/2026,0,NULL,NULL,0
44,03/02/2025,110410012,NULL,NULL,269229,NULL,NULL,NULL,,NULL,NULL,NULL,NULL,NULL,NULL,NULL,NULL,NULL,NULL,NULL,NULL,NULL,6,06/06/2026,0,NULL,NULL,0
45,24/02/2025,110410013,NULL,NULL,148846,NULL,NULL,NULL,,NULL,NULL,NULL,NULL,NULL,NULL,NULL,NULL,NULL,NULL,NULL,NULL,NULL,6,06/06/2026,0,NULL,NULL,0
46,11/04/2025,110410013,NULL,NULL,133962,NULL,NULL,NULL,,NULL,NULL,NULL,NULL,NULL,NULL,NULL,NULL,NULL,NULL,NULL,NULL,NULL,6,06/06/2026,0,NULL,NULL,0
47,18/08/2025,110410013,NULL,NULL,231538,NULL,NULL,NULL,,NULL,NULL,NULL,NULL,NULL,NULL,NULL,NULL,NULL,NULL,NULL,NULL,NULL,6,06/06/2026,0,NULL,NULL,0
48,21/12/2023,110410013,NULL,NULL,148846,NULL,NULL,NULL,,NULL,NULL,NULL,NULL,NULL,NULL,NULL,NULL,NULL,NULL,NULL,NULL,NULL,6,06/06/2026,0,NULL,NULL,0
49,03/05/2023,110410013,NULL,NULL,146347,NULL,NULL,NULL,,NULL,NULL,NULL,NULL,NULL,NULL,NULL,NULL,NULL,NULL,NULL,NULL,NULL,6,06/06/2026,0,NULL,NULL,0
50,02/08/2023,110410013,NULL,NULL,161230,NULL,NULL,NULL,,NULL,NULL,NULL,NULL,NULL,NULL,NULL,NULL,NULL,NULL,NULL,NULL,NULL,6,06/06/2026,0,NULL,NULL,0
51,01/08/2023,110410015,NULL,NULL,195500,NULL,NULL,NULL,,NULL,NULL,NULL,NULL,NULL,NULL,NULL,NULL,NULL,NULL,NULL,NULL,NULL,6,06/06/2026,0,NULL,NULL,0
52,26/01/2023,110410015,NULL,NULL,393500,NULL,NULL,NULL,,NULL,NULL,NULL,NULL,NULL,NULL,NULL,NULL,NULL,NULL,NULL,NULL,NULL,6,06/06/2026,0,NULL,NULL,0
53,16/01/2024,110410015,NULL,NULL,99000,NULL,NULL,NULL,,NULL,NULL,NULL,NULL,NULL,NULL,NULL,NULL,NULL,NULL,NULL,NULL,NULL,6,06/06/2026,0,NULL,NULL,0
54,12/06/2024,110410015,NULL,NULL,99000,NULL,NULL,NULL,,NULL,NULL,NULL,NULL,NULL,NULL,NULL,NULL,NULL,NULL,NULL,NULL,NULL,6,06/06/2026,0,NULL,NULL,0
55,23/01/2025,110410015,NULL,NULL,253000,NULL,NULL,NULL,,NULL,NULL,NULL,NULL,NULL,NULL,NULL,NULL,NULL,NULL,NULL,NULL,NULL,6,06/06/2026,0,NULL,NULL,0
56,05/06/2024,110410016,NULL,NULL,173077,NULL,NULL,NULL,,NULL,NULL,NULL,NULL,NULL,NULL,NULL,NULL,NULL,NULL,NULL,NULL,NULL,6,06/06/2026,0,NULL,NULL,0
57,07/05/2025,110410016,NULL,NULL,528846,NULL,NULL,NULL,,NULL,NULL,NULL,NULL,NULL,NULL,NULL,NULL,NULL,NULL,NULL,NULL,NULL,6,06/06/2026,0,NULL,NULL,0
58,16/10/2023,110410017,NULL,NULL,60096,NULL,NULL,NULL,,NULL,NULL,NULL,NULL,NULL,NULL,NULL,NULL,NULL,NULL,NULL,NULL,NULL,6,06/06/2026,0,NULL,NULL,0
59,30/10/2023,110410018,NULL,NULL,100000.01,NULL,NULL,NULL,,NULL,NULL,NULL,NULL,NULL,NULL,NULL,NULL,NULL,NULL,NULL,NULL,NULL,6,06/06/2026,0,NULL,NULL,0
60,07/08/2023,110410018,NULL,NULL,516731,NULL,NULL,NULL,,NULL,NULL,NULL,NULL,NULL,NULL,NULL,NULL,NULL,NULL,NULL,NULL,NULL,6,06/06/2026,0,NULL,NULL,0
61,23/09/2023,110410018,NULL,NULL,15000,NULL,NULL,NULL,,NULL,NULL,NULL,NULL,NULL,NULL,NULL,NULL,NULL,NULL,NULL,NULL,NULL,6,06/06/2026,0,NULL,NULL,0
62,19/06/2023,110410018,NULL,NULL,15000,NULL,NULL,NULL,,NULL,NULL,NULL,NULL,NULL,NULL,NULL,NULL,NULL,NULL,NULL,NULL,NULL,6,06/06/2026,0,NULL,NULL,0
63,16/05/2023,110410018,NULL,NULL,20000,NULL,NULL,NULL,,NULL,NULL,NULL,NULL,NULL,NULL,NULL,NULL,NULL,NULL,NULL,NULL,NULL,6,06/06/2026,0,NULL,NULL,0
64,28/06/2025,110410018,NULL,NULL,20000,NULL,NULL,NULL,,NULL,NULL,NULL,NULL,NULL,NULL,NULL,NULL,NULL,NULL,NULL,NULL,NULL,6,06/06/2026,0,NULL,NULL,0
65,03/05/2025,110410018,NULL,NULL,6000,NULL,NULL,NULL,,NULL,NULL,NULL,NULL,NULL,NULL,NULL,NULL,NULL,NULL,NULL,NULL,NULL,6,06/06/2026,0,NULL,NULL,0
66,05/03/2025,110410018,NULL,NULL,15000,NULL,NULL,NULL,,NULL,NULL,NULL,NULL,NULL,NULL,NULL,NULL,NULL,NULL,NULL,NULL,NULL,6,06/06/2026,0,NULL,NULL,0
67,26/12/2025,110410018,NULL,NULL,96154,NULL,NULL,NULL,,NULL,NULL,NULL,NULL,NULL,NULL,NULL,NULL,NULL,NULL,NULL,NULL,NULL,6,06/06/2026,0,NULL,NULL,0
68,13/01/2024,110410018,NULL,NULL,50000,NULL,NULL,NULL,,NULL,NULL,NULL,NULL,NULL,NULL,NULL,NULL,NULL,NULL,NULL,NULL,NULL,6,06/06/2026,0,NULL,NULL,0
69,13/09/2024,110410018,NULL,NULL,269231,NULL,NULL,NULL,,NULL,NULL,NULL,NULL,NULL,NULL,NULL,NULL,NULL,NULL,NULL,NULL,NULL,6,06/06/2026,0,NULL,NULL,0
70,07/01/2023,110410018,NULL,NULL,40000,NULL,NULL,NULL,,NULL,NULL,NULL,NULL,NULL,NULL,NULL,NULL,NULL,NULL,NULL,NULL,NULL,6,06/06/2026,0,NULL,NULL,0
71,06/02/2023,110410018,NULL,NULL,222498,NULL,NULL,NULL,,NULL,NULL,NULL,NULL,NULL,NULL,NULL,NULL,NULL,NULL,NULL,NULL,NULL,6,06/06/2026,0,NULL,NULL,0
72,14/10/2024,110410018,NULL,NULL,30000,NULL,NULL,NULL,,NULL,NULL,NULL,NULL,NULL,NULL,NULL,NULL,NULL,NULL,NULL,NULL,NULL,6,06/06/2026,0,NULL,NULL,0
73,13/03/2023,110410018,NULL,NULL,15000,NULL,NULL,NULL,,NULL,NULL,NULL,NULL,NULL,NULL,NULL,NULL,NULL,NULL,NULL,NULL,NULL,6,06/06/2026,0,NULL,NULL,0
74,24/09/2024,110410018,NULL,NULL,30000,NULL,NULL,NULL,,NULL,NULL,NULL,NULL,NULL,NULL,NULL,NULL,NULL,NULL,NULL,NULL,NULL,6,06/06/2026,0,NULL,NULL,0
75,01/08/2023,110410019,NULL,NULL,96154,NULL,NULL,NULL,,NULL,NULL,NULL,NULL,NULL,NULL,NULL,NULL,NULL,NULL,NULL,NULL,NULL,6,06/06/2026,0,NULL,NULL,0
76,06/02/2023,110410021,NULL,NULL,96154,NULL,NULL,NULL,,NULL,NULL,NULL,NULL,NULL,NULL,NULL,NULL,NULL,NULL,NULL,NULL,NULL,6,06/06/2026,0,NULL,NULL,0
77,06/02/2023,110410021,NULL,NULL,96154,NULL,NULL,NULL,,NULL,NULL,NULL,NULL,NULL,NULL,NULL,NULL,NULL,NULL,NULL,NULL,NULL,6,06/06/2026,0,NULL,NULL,0
78,07/02/2023,110410022,NULL,NULL,10000,NULL,NULL,NULL,,NULL,NULL,NULL,NULL,NULL,NULL,NULL,NULL,NULL,NULL,NULL,NULL,NULL,6,06/06/2026,0,NULL,NULL,0
79,07/02/2023,110410022,NULL,NULL,10000,NULL,NULL,NULL,,NULL,NULL,NULL,NULL,NULL,NULL,NULL,NULL,NULL,NULL,NULL,NULL,NULL,6,06/06/2026,0,NULL,NULL,0
80,16/06/2023,110410022,NULL,NULL,135000,NULL,NULL,NULL,,NULL,NULL,NULL,NULL,NULL,NULL,NULL,NULL,NULL,NULL,NULL,NULL,NULL,6,06/06/2026,0,NULL,NULL,0
81,19/04/2023,110410022,NULL,NULL,200000.02,NULL,NULL,NULL,,NULL,NULL,NULL,NULL,NULL,NULL,NULL,NULL,NULL,NULL,NULL,NULL,NULL,6,06/06/2026,0,NULL,NULL,0
82,21/12/2023,110410026,NULL,NULL,173077,NULL,NULL,NULL,,NULL,NULL,NULL,NULL,NULL,NULL,NULL,NULL,NULL,NULL,NULL,NULL,NULL,6,06/06/2026,0,NULL,NULL,0
83,18/04/2023,110410026,NULL,NULL,170577,NULL,NULL,NULL,,NULL,NULL,NULL,NULL,NULL,NULL,NULL,NULL,NULL,NULL,NULL,NULL,NULL,6,06/06/2026,0,NULL,NULL,0
84,13/08/2025,110410026,NULL,NULL,269231,NULL,NULL,NULL,,NULL,NULL,NULL,NULL,NULL,NULL,NULL,NULL,NULL,NULL,NULL,NULL,NULL,6,06/06/2026,0,NULL,NULL,0
85,20/02/2025,110410026,NULL,NULL,173077,NULL,NULL,NULL,,NULL,NULL,NULL,NULL,NULL,NULL,NULL,NULL,NULL,NULL,NULL,NULL,NULL,6,06/06/2026,0,NULL,NULL,0
86,15/04/2025,110410026,NULL,NULL,138462,NULL,NULL,NULL,,NULL,NULL,NULL,NULL,NULL,NULL,NULL,NULL,NULL,NULL,NULL,NULL,NULL,6,06/06/2026,0,NULL,NULL,0
87,30/01/2023,110410027,NULL,NULL,222500,NULL,NULL,NULL,,NULL,NULL,NULL,NULL,NULL,NULL,NULL,NULL,NULL,NULL,NULL,NULL,NULL,6,06/06/2026,0,NULL,NULL,0
88,16/06/2023,110410027,NULL,NULL,451923,NULL,NULL,NULL,,NULL,NULL,NULL,NULL,NULL,NULL,NULL,NULL,NULL,NULL,NULL,NULL,NULL,6,06/06/2026,0,NULL,NULL,0
89,25/07/2023,110410028,NULL,NULL,96154,NULL,NULL,NULL,,NULL,NULL,NULL,NULL,NULL,NULL,NULL,NULL,NULL,NULL,NULL,NULL,NULL,6,06/06/2026,0,NULL,NULL,0
90,25/04/2024,110410029,NULL,NULL,104250,NULL,NULL,NULL,,NULL,NULL,NULL,NULL,NULL,NULL,NULL,NULL,NULL,NULL,NULL,NULL,NULL,6,06/06/2026,0,NULL,NULL,0
91,15/07/2024,110410030,NULL,NULL,100000,NULL,NULL,NULL,,NULL,NULL,NULL,NULL,NULL,NULL,NULL,NULL,NULL,NULL,NULL,NULL,NULL,6,06/06/2026,0,NULL,NULL,0
92,05/12/2023,110410030,NULL,NULL,185000,NULL,NULL,NULL,,NULL,NULL,NULL,NULL,NULL,NULL,NULL,NULL,NULL,NULL,NULL,NULL,NULL,6,06/06/2026,0,NULL,NULL,0
93,12/02/2025,110410030,NULL,NULL,70000,NULL,NULL,NULL,,NULL,NULL,NULL,NULL,NULL,NULL,NULL,NULL,NULL,NULL,NULL,NULL,NULL,6,06/06/2026,0,NULL,NULL,0
94,16/08/2023,110410030,NULL,NULL,240455,NULL,NULL,NULL,,NULL,NULL,NULL,NULL,NULL,NULL,NULL,NULL,NULL,NULL,NULL,NULL,NULL,6,06/06/2026,0,NULL,NULL,0
95,01/06/2023,110410030,NULL,NULL,157250,NULL,NULL,NULL,,NULL,NULL,NULL,NULL,NULL,NULL,NULL,NULL,NULL,NULL,NULL,NULL,NULL,6,06/06/2026,0,NULL,NULL,0
96,11/04/2023,110410031,NULL,NULL,10000,NULL,NULL,NULL,,NULL,NULL,NULL,NULL,NULL,NULL,NULL,NULL,NULL,NULL,NULL,NULL,NULL,6,06/06/2026,0,NULL,NULL,0
97,27/04/2023,110410032,NULL,NULL,25000,NULL,NULL,NULL,,NULL,NULL,NULL,NULL,NULL,NULL,NULL,NULL,NULL,NULL,NULL,NULL,NULL,6,06/06/2026,0,NULL,NULL,0
98,05/06/2023,110410032,NULL,NULL,20000,NULL,NULL,NULL,,NULL,NULL,NULL,NULL,NULL,NULL,NULL,NULL,NULL,NULL,NULL,NULL,NULL,6,06/06/2026,0,NULL,NULL,0
99,31/12/2024,110410032,NULL,NULL,10000,NULL,NULL,NULL,,NULL,NULL,NULL,NULL,NULL,NULL,NULL,NULL,NULL,NULL,NULL,NULL,NULL,6,06/06/2026,0,NULL,NULL,0
100,25/10/2024,110410032,NULL,NULL,15000,NULL,NULL,NULL,,NULL,NULL,NULL,NULL,NULL,NULL,NULL,NULL,NULL,NULL,NULL,NULL,NULL,6,06/06/2026,0,NULL,NULL,0
101,01/08/2024,110410032,NULL,NULL,25000,NULL,NULL,NULL,,NULL,NULL,NULL,NULL,NULL,NULL,NULL,NULL,NULL,NULL,NULL,NULL,NULL,6,06/06/2026,0,NULL,NULL,0
102,03/02/2024,110410032,NULL,NULL,69000,NULL,NULL,NULL,,NULL,NULL,NULL,NULL,NULL,NULL,NULL,NULL,NULL,NULL,NULL,NULL,NULL,6,06/06/2026,0,NULL,NULL,0
103,21/02/2024,110410032,NULL,NULL,25000,NULL,NULL,NULL,,NULL,NULL,NULL,NULL,NULL,NULL,NULL,NULL,NULL,NULL,NULL,NULL,NULL,6,06/06/2026,0,NULL,NULL,0
104,20/05/2024,110410032,NULL,NULL,25000,NULL,NULL,NULL,,NULL,NULL,NULL,NULL,NULL,NULL,NULL,NULL,NULL,NULL,NULL,NULL,NULL,6,06/06/2026,0,NULL,NULL,0
105,23/03/2023,110410032,NULL,NULL,25000,NULL,NULL,NULL,,NULL,NULL,NULL,NULL,NULL,NULL,NULL,NULL,NULL,NULL,NULL,NULL,NULL,6,06/06/2026,0,NULL,NULL,0
106,01/03/2024,110410033,NULL,NULL,96154,NULL,NULL,NULL,,NULL,NULL,NULL,NULL,NULL,NULL,NULL,NULL,NULL,NULL,NULL,NULL,NULL,6,06/06/2026,0,NULL,NULL,0
107,20/04/2024,110410033,NULL,NULL,96154,NULL,NULL,NULL,,NULL,NULL,NULL,NULL,NULL,NULL,NULL,NULL,NULL,NULL,NULL,NULL,NULL,6,06/06/2026,0,NULL,NULL,0
108,24/02/2024,110410034,NULL,NULL,259615,NULL,NULL,NULL,,NULL,NULL,NULL,NULL,NULL,NULL,NULL,NULL,NULL,NULL,NULL,NULL,NULL,6,06/06/2026,0,NULL,NULL,0
109,05/02/2025,110410034,NULL,NULL,173077,NULL,NULL,NULL,,NULL,NULL,NULL,NULL,NULL,NULL,NULL,NULL,NULL,NULL,NULL,NULL,NULL,6,06/06/2026,0,NULL,NULL,0
110,08/03/2023,110410034,NULL,NULL,519231,NULL,NULL,NULL,,NULL,NULL,NULL,NULL,NULL,NULL,NULL,NULL,NULL,NULL,NULL,NULL,NULL,6,06/06/2026,0,NULL,NULL,0
111,15/04/2023,110410034,NULL,NULL,257115,NULL,NULL,NULL,,NULL,NULL,NULL,NULL,NULL,NULL,NULL,NULL,NULL,NULL,NULL,NULL,NULL,6,06/06/2026,0,NULL,NULL,0
112,19/04/2023,110410036,NULL,NULL,521772,NULL,NULL,NULL,,NULL,NULL,NULL,NULL,NULL,NULL,NULL,NULL,NULL,NULL,NULL,NULL,NULL,6,06/06/2026,0,NULL,NULL,0
113,26/02/2025,110410036,NULL,NULL,359223,NULL,NULL,NULL,,NULL,NULL,NULL,NULL,NULL,NULL,NULL,NULL,NULL,NULL,NULL,NULL,NULL,6,06/06/2026,0,NULL,NULL,0
114,22/04/2024,110410036,NULL,NULL,174757,NULL,NULL,NULL,,NULL,NULL,NULL,NULL,NULL,NULL,NULL,NULL,NULL,NULL,NULL,NULL,NULL,6,06/06/2026,0,NULL,NULL,0
115,09/05/2024,110410036,NULL,NULL,174757,NULL,NULL,NULL,,NULL,NULL,NULL,NULL,NULL,NULL,NULL,NULL,NULL,NULL,NULL,NULL,NULL,6,06/06/2026,0,NULL,NULL,0
116,05/09/2024,110410036,NULL,NULL,174757,NULL,NULL,NULL,,NULL,NULL,NULL,NULL,NULL,NULL,NULL,NULL,NULL,NULL,NULL,NULL,NULL,6,06/06/2026,0,NULL,NULL,0
117,24/01/2025,110410036,NULL,NULL,87379,NULL,NULL,NULL,,NULL,NULL,NULL,NULL,NULL,NULL,NULL,NULL,NULL,NULL,NULL,NULL,NULL,6,06/06/2026,0,NULL,NULL,0
118,06/07/2023,110410036,NULL,NULL,259636,NULL,NULL,NULL,,NULL,NULL,NULL,NULL,NULL,NULL,NULL,NULL,NULL,NULL,NULL,NULL,NULL,6,06/06/2026,0,NULL,NULL,0
119,14/11/2023,110410036,NULL,NULL,262136,NULL,NULL,NULL,,NULL,NULL,NULL,NULL,NULL,NULL,NULL,NULL,NULL,NULL,NULL,NULL,NULL,6,06/06/2026,0,NULL,NULL,0
120,11/02/2026,110410036,NULL,NULL,97087,NULL,NULL,NULL,,NULL,NULL,NULL,NULL,NULL,NULL,NULL,NULL,NULL,NULL,NULL,NULL,NULL,6,06/06/2026,0,NULL,NULL,0
121,06/04/2023,110410037,NULL,NULL,291731,NULL,NULL,NULL,,NULL,NULL,NULL,NULL,NULL,NULL,NULL,NULL,NULL,NULL,NULL,NULL,NULL,6,06/06/2026,0,NULL,NULL,0
122,23/10/2023,110410037,NULL,NULL,484615,NULL,NULL,NULL,,NULL,NULL,NULL,NULL,NULL,NULL,NULL,NULL,NULL,NULL,NULL,NULL,NULL,6,06/06/2026,0,NULL,NULL,0
123,04/07/2023,110410037,NULL,NULL,257115,NULL,NULL,NULL,,NULL,NULL,NULL,NULL,NULL,NULL,NULL,NULL,NULL,NULL,NULL,NULL,NULL,6,06/06/2026,0,NULL,NULL,0
124,08/02/2023,110410037,NULL,NULL,519231,NULL,NULL,NULL,,NULL,NULL,NULL,NULL,NULL,NULL,NULL,NULL,NULL,NULL,NULL,NULL,NULL,6,06/06/2026,0,NULL,NULL,0
125,05/04/2024,110410037,NULL,NULL,365385,NULL,NULL,NULL,,NULL,NULL,NULL,NULL,NULL,NULL,NULL,NULL,NULL,NULL,NULL,NULL,NULL,6,06/06/2026,0,NULL,NULL,0
126,18/07/2024,110410038,NULL,NULL,180000,NULL,NULL,NULL,,NULL,NULL,NULL,NULL,NULL,NULL,NULL,NULL,NULL,NULL,NULL,NULL,NULL,6,06/06/2026,0,NULL,NULL,0
127,25/08/2024,110410038,NULL,NULL,180000,NULL,NULL,NULL,,NULL,NULL,NULL,NULL,NULL,NULL,NULL,NULL,NULL,NULL,NULL,NULL,NULL,6,06/06/2026,0,NULL,NULL,0
128,31/01/2023,110410038,NULL,NULL,200000,NULL,NULL,NULL,,NULL,NULL,NULL,NULL,NULL,NULL,NULL,NULL,NULL,NULL,NULL,NULL,NULL,6,06/06/2026,0,NULL,NULL,0
129,26/12/2023,110410038,NULL,NULL,360000,NULL,NULL,NULL,,NULL,NULL,NULL,NULL,NULL,NULL,NULL,NULL,NULL,NULL,NULL,NULL,NULL,6,06/06/2026,0,NULL,NULL,0
130,01/08/2025,110410038,NULL,NULL,180000,NULL,NULL,NULL,,NULL,NULL,NULL,NULL,NULL,NULL,NULL,NULL,NULL,NULL,NULL,NULL,NULL,6,06/06/2026,0,NULL,NULL,0
131,24/11/2025,110410038,NULL,NULL,532000,NULL,NULL,NULL,,NULL,NULL,NULL,NULL,NULL,NULL,NULL,NULL,NULL,NULL,NULL,NULL,NULL,6,06/06/2026,0,NULL,NULL,0
132,30/08/2023,110410038,NULL,NULL,645500,NULL,NULL,NULL,,NULL,NULL,NULL,NULL,NULL,NULL,NULL,NULL,NULL,NULL,NULL,NULL,NULL,6,06/06/2026,0,NULL,NULL,0
133,10/05/2023,110410038,NULL,NULL,150000,NULL,NULL,NULL,,NULL,NULL,NULL,NULL,NULL,NULL,NULL,NULL,NULL,NULL,NULL,NULL,NULL,6,06/06/2026,0,NULL,NULL,0
134,30/03/2026,110410039,NULL,NULL,148846,NULL,NULL,NULL,,NULL,NULL,NULL,NULL,NULL,NULL,NULL,NULL,NULL,NULL,NULL,NULL,NULL,6,06/06/2026,0,NULL,NULL,0
135,01/02/2026,110410039,NULL,NULL,61800,NULL,NULL,NULL,,NULL,NULL,NULL,NULL,NULL,NULL,NULL,NULL,NULL,NULL,NULL,NULL,NULL,6,06/06/2026,0,NULL,NULL,0
136,22/09/2023,110410039,NULL,NULL,444038,NULL,NULL,NULL,,NULL,NULL,NULL,NULL,NULL,NULL,NULL,NULL,NULL,NULL,NULL,NULL,NULL,6,06/06/2026,0,NULL,NULL,0
137,02/10/2023,110410039,NULL,NULL,250000,NULL,NULL,NULL,,NULL,NULL,NULL,NULL,NULL,NULL,NULL,NULL,NULL,NULL,NULL,NULL,NULL,6,06/06/2026,0,NULL,NULL,0
138,08/04/2025,110410039,NULL,NULL,148846,NULL,NULL,NULL,,NULL,NULL,NULL,NULL,NULL,NULL,NULL,NULL,NULL,NULL,NULL,NULL,NULL,6,06/06/2026,0,NULL,NULL,0
139,08/04/2025,110410039,NULL,NULL,148846,NULL,NULL,NULL,,NULL,NULL,NULL,NULL,NULL,NULL,NULL,NULL,NULL,NULL,NULL,NULL,NULL,6,06/06/2026,0,NULL,NULL,0
140,01/04/2023,110410039,NULL,NULL,216000,NULL,NULL,NULL,,NULL,NULL,NULL,NULL,NULL,NULL,NULL,NULL,NULL,NULL,NULL,NULL,NULL,6,06/06/2026,0,NULL,NULL,0
141,07/06/2024,110410039,NULL,NULL,100000,NULL,NULL,NULL,,NULL,NULL,NULL,NULL,NULL,NULL,NULL,NULL,NULL,NULL,NULL,NULL,NULL,6,06/06/2026,0,NULL,NULL,0
142,28/07/2024,110410039,NULL,NULL,100000,NULL,NULL,NULL,,NULL,NULL,NULL,NULL,NULL,NULL,NULL,NULL,NULL,NULL,NULL,NULL,NULL,6,06/06/2026,0,NULL,NULL,0
143,15/04/2024,110410039,NULL,NULL,100000,NULL,NULL,NULL,,NULL,NULL,NULL,NULL,NULL,NULL,NULL,NULL,NULL,NULL,NULL,NULL,NULL,6,06/06/2026,0,NULL,NULL,0
144,19/02/2025,110410039,NULL,NULL,40000,NULL,NULL,NULL,,NULL,NULL,NULL,NULL,NULL,NULL,NULL,NULL,NULL,NULL,NULL,NULL,NULL,6,06/06/2026,0,NULL,NULL,0
145,05/01/2025,110410039,NULL,NULL,60000,NULL,NULL,NULL,,NULL,NULL,NULL,NULL,NULL,NULL,NULL,NULL,NULL,NULL,NULL,NULL,NULL,6,06/06/2026,0,NULL,NULL,0
146,28/07/2024,110410039,NULL,NULL,50000,NULL,NULL,NULL,,NULL,NULL,NULL,NULL,NULL,NULL,NULL,NULL,NULL,NULL,NULL,NULL,NULL,6,06/06/2026,0,NULL,NULL,0
147,10/07/2024,110410039,NULL,NULL,148846,NULL,NULL,NULL,,NULL,NULL,NULL,NULL,NULL,NULL,NULL,NULL,NULL,NULL,NULL,NULL,NULL,6,06/06/2026,0,NULL,NULL,0
148,13/02/2023,110410041,NULL,NULL,611651,NULL,NULL,NULL,,NULL,NULL,NULL,NULL,NULL,NULL,NULL,NULL,NULL,NULL,NULL,NULL,NULL,6,06/06/2026,0,NULL,NULL,0
149,01/03/2024,110410041,NULL,NULL,368932,NULL,NULL,NULL,,NULL,NULL,NULL,NULL,NULL,NULL,NULL,NULL,NULL,NULL,NULL,NULL,NULL,6,06/06/2026,0,NULL,NULL,0
150,31/03/2023,110410041,NULL,NULL,224684,NULL,NULL,NULL,,NULL,NULL,NULL,NULL,NULL,NULL,NULL,NULL,NULL,NULL,NULL,NULL,NULL,6,06/06/2026,0,NULL,NULL,0
151,19/10/2023,110410041,NULL,NULL,471845,NULL,NULL,NULL,,NULL,NULL,NULL,NULL,NULL,NULL,NULL,NULL,NULL,NULL,NULL,NULL,NULL,6,06/06/2026,0,NULL,NULL,0
152,13/11/2023,110410041,NULL,NULL,471845,NULL,NULL,NULL,,NULL,NULL,NULL,NULL,NULL,NULL,NULL,NULL,NULL,NULL,NULL,NULL,NULL,6,06/06/2026,0,NULL,NULL,0
153,06/07/2023,110410041,NULL,NULL,259636,NULL,NULL,NULL,,NULL,NULL,NULL,NULL,NULL,NULL,NULL,NULL,NULL,NULL,NULL,NULL,NULL,6,06/06/2026,0,NULL,NULL,0
154,20/03/2023,110410042,NULL,NULL,353270,NULL,NULL,NULL,,NULL,NULL,NULL,NULL,NULL,NULL,NULL,NULL,NULL,NULL,NULL,NULL,NULL,6,06/06/2026,0,NULL,NULL,0
155,06/05/2024,110410042,NULL,NULL,96154,NULL,NULL,NULL,,NULL,NULL,NULL,NULL,NULL,NULL,NULL,NULL,NULL,NULL,NULL,NULL,NULL,6,06/06/2026,0,NULL,NULL,0
156,06/05/2024,110410042,NULL,NULL,96154,NULL,NULL,NULL,,NULL,NULL,NULL,NULL,NULL,NULL,NULL,NULL,NULL,NULL,NULL,NULL,NULL,6,06/06/2026,0,NULL,NULL,0
157,09/02/2024,110410043,NULL,NULL,173077,NULL,NULL,NULL,,NULL,NULL,NULL,NULL,NULL,NULL,NULL,NULL,NULL,NULL,NULL,NULL,NULL,6,06/06/2026,0,NULL,NULL,0
158,11/12/2024,110410043,NULL,NULL,242308,NULL,NULL,NULL,,NULL,NULL,NULL,NULL,NULL,NULL,NULL,NULL,NULL,NULL,NULL,NULL,NULL,6,06/06/2026,0,NULL,NULL,0
159,06/10/2025,110410043,NULL,NULL,190385,NULL,NULL,NULL,,NULL,NULL,NULL,NULL,NULL,NULL,NULL,NULL,NULL,NULL,NULL,NULL,NULL,6,06/06/2026,0,NULL,NULL,0
160,25/01/2023,110410043,NULL,NULL,315000,NULL,NULL,NULL,,NULL,NULL,NULL,NULL,NULL,NULL,NULL,NULL,NULL,NULL,NULL,NULL,NULL,6,06/06/2026,0,NULL,NULL,0
161,18/02/2025,110410043,NULL,NULL,173077,NULL,NULL,NULL,,NULL,NULL,NULL,NULL,NULL,NULL,NULL,NULL,NULL,NULL,NULL,NULL,NULL,6,06/06/2026,0,NULL,NULL,0
162,04/09/2023,110410043,NULL,NULL,655192,NULL,NULL,NULL,,NULL,NULL,NULL,NULL,NULL,NULL,NULL,NULL,NULL,NULL,NULL,NULL,NULL,6,06/06/2026,0,NULL,NULL,0
163,12/01/2023,110410043,NULL,NULL,315000,NULL,NULL,NULL,,NULL,NULL,NULL,NULL,NULL,NULL,NULL,NULL,NULL,NULL,NULL,NULL,NULL,6,06/06/2026,0,NULL,NULL,0
164,31/03/2026,110410043,NULL,NULL,390382,NULL,NULL,NULL,,NULL,NULL,NULL,NULL,NULL,NULL,NULL,NULL,NULL,NULL,NULL,NULL,NULL,6,06/06/2026,0,NULL,NULL,0
165,04/09/2023,110410044,NULL,NULL,759038,NULL,NULL,NULL,,NULL,NULL,NULL,NULL,NULL,NULL,NULL,NULL,NULL,NULL,NULL,NULL,NULL,6,06/06/2026,0,NULL,NULL,0
166,15/12/2025,110410044,NULL,NULL,96154,NULL,NULL,NULL,,NULL,NULL,NULL,NULL,NULL,NULL,NULL,NULL,NULL,NULL,NULL,NULL,NULL,6,06/06/2026,0,NULL,NULL,0
167,15/11/2024,110410044,NULL,NULL,269229,NULL,NULL,NULL,,NULL,NULL,NULL,NULL,NULL,NULL,NULL,NULL,NULL,NULL,NULL,NULL,NULL,6,06/06/2026,0,NULL,NULL,0
168,19/07/2024,110410044,NULL,NULL,432692,NULL,NULL,NULL,,NULL,NULL,NULL,NULL,NULL,NULL,NULL,NULL,NULL,NULL,NULL,NULL,NULL,6,06/06/2026,0,NULL,NULL,0
169,14/12/2023,110410044,NULL,NULL,190385,NULL,NULL,NULL,,NULL,NULL,NULL,NULL,NULL,NULL,NULL,NULL,NULL,NULL,NULL,NULL,NULL,6,06/06/2026,0,NULL,NULL,0
170,22/04/2024,110410044,NULL,NULL,173077,NULL,NULL,NULL,,NULL,NULL,NULL,NULL,NULL,NULL,NULL,NULL,NULL,NULL,NULL,NULL,NULL,6,06/06/2026,0,NULL,NULL,0
171,26/04/2024,110410047,NULL,NULL,50000,NULL,NULL,NULL,,NULL,NULL,NULL,NULL,NULL,NULL,NULL,NULL,NULL,NULL,NULL,NULL,NULL,6,06/06/2026,0,NULL,NULL,0
172,01/03/2023,110410047,NULL,NULL,52500,NULL,NULL,NULL,,NULL,NULL,NULL,NULL,NULL,NULL,NULL,NULL,NULL,NULL,NULL,NULL,NULL,6,06/06/2026,0,NULL,NULL,0
173,10/06/2024,110410047,NULL,NULL,173077,NULL,NULL,NULL,,NULL,NULL,NULL,NULL,NULL,NULL,NULL,NULL,NULL,NULL,NULL,NULL,NULL,6,06/06/2026,0,NULL,NULL,0
174,10/06/2024,110410047,NULL,NULL,173077,NULL,NULL,NULL,,NULL,NULL,NULL,NULL,NULL,NULL,NULL,NULL,NULL,NULL,NULL,NULL,NULL,6,06/06/2026,0,NULL,NULL,0
175,29/07/2024,110410047,NULL,NULL,50000,NULL,NULL,NULL,,NULL,NULL,NULL,NULL,NULL,NULL,NULL,NULL,NULL,NULL,NULL,NULL,NULL,6,06/06/2026,0,NULL,NULL,0
176,27/12/2023,110410047,NULL,NULL,30000,NULL,NULL,NULL,,NULL,NULL,NULL,NULL,NULL,NULL,NULL,NULL,NULL,NULL,NULL,NULL,NULL,6,06/06/2026,0,NULL,NULL,0
177,25/12/2023,110410047,NULL,NULL,173077,NULL,NULL,NULL,,NULL,NULL,NULL,NULL,NULL,NULL,NULL,NULL,NULL,NULL,NULL,NULL,NULL,6,06/06/2026,0,NULL,NULL,0
178,20/02/2024,110410047,NULL,NULL,52000,NULL,NULL,NULL,,NULL,NULL,NULL,NULL,NULL,NULL,NULL,NULL,NULL,NULL,NULL,NULL,NULL,6,06/06/2026,0,NULL,NULL,0
179,11/09/2024,110410047,NULL,NULL,173077,NULL,NULL,NULL,,NULL,NULL,NULL,NULL,NULL,NULL,NULL,NULL,NULL,NULL,NULL,NULL,NULL,6,06/06/2026,0,NULL,NULL,0
180,22/02/2025,110410047,NULL,NULL,50000,NULL,NULL,NULL,,NULL,NULL,NULL,NULL,NULL,NULL,NULL,NULL,NULL,NULL,NULL,NULL,NULL,6,06/06/2026,0,NULL,NULL,0
181,18/01/2025,110410047,NULL,NULL,50000,NULL,NULL,NULL,,NULL,NULL,NULL,NULL,NULL,NULL,NULL,NULL,NULL,NULL,NULL,NULL,NULL,6,06/06/2026,0,NULL,NULL,0
182,29/12/2025,110410047,NULL,NULL,40000,NULL,NULL,NULL,,NULL,NULL,NULL,NULL,NULL,NULL,NULL,NULL,NULL,NULL,NULL,NULL,NULL,6,06/06/2026,0,NULL,NULL,0
183,18/09/2025,110410047,NULL,NULL,173077,NULL,NULL,NULL,,NULL,NULL,NULL,NULL,NULL,NULL,NULL,NULL,NULL,NULL,NULL,NULL,NULL,6,06/06/2026,0,NULL,NULL,0
184,28/10/2025,110410047,NULL,NULL,50000,NULL,NULL,NULL,,NULL,NULL,NULL,NULL,NULL,NULL,NULL,NULL,NULL,NULL,NULL,NULL,NULL,6,06/06/2026,0,NULL,NULL,0
185,29/08/2025,110410047,NULL,NULL,50000,NULL,NULL,NULL,,NULL,NULL,NULL,NULL,NULL,NULL,NULL,NULL,NULL,NULL,NULL,NULL,NULL,6,06/06/2026,0,NULL,NULL,0
186,28/03/2025,110410047,NULL,NULL,50000,NULL,NULL,NULL,,NULL,NULL,NULL,NULL,NULL,NULL,NULL,NULL,NULL,NULL,NULL,NULL,NULL,6,06/06/2026,0,NULL,NULL,0
187,25/04/2025,110410047,NULL,NULL,50000,NULL,NULL,NULL,,NULL,NULL,NULL,NULL,NULL,NULL,NULL,NULL,NULL,NULL,NULL,NULL,NULL,6,06/06/2026,0,NULL,NULL,0
188,30/07/2025,110410047,NULL,NULL,50000,NULL,NULL,NULL,,NULL,NULL,NULL,NULL,NULL,NULL,NULL,NULL,NULL,NULL,NULL,NULL,NULL,6,06/06/2026,0,NULL,NULL,0
189,30/06/2025,110410047,NULL,NULL,150000,NULL,NULL,NULL,,NULL,NULL,NULL,NULL,NULL,NULL,NULL,NULL,NULL,NULL,NULL,NULL,NULL,6,06/06/2026,0,NULL,NULL,0
190,28/05/2025,110410047,NULL,NULL,50000,NULL,NULL,NULL,,NULL,NULL,NULL,NULL,NULL,NULL,NULL,NULL,NULL,NULL,NULL,NULL,NULL,6,06/06/2026,0,NULL,NULL,0
191,29/08/2023,110410047,NULL,NULL,724423,NULL,NULL,NULL,,NULL,NULL,NULL,NULL,NULL,NULL,NULL,NULL,NULL,NULL,NULL,NULL,NULL,6,06/06/2026,0,NULL,NULL,0
192,27/10/2023,110410047,NULL,NULL,40000,NULL,NULL,NULL,,NULL,NULL,NULL,NULL,NULL,NULL,NULL,NULL,NULL,NULL,NULL,NULL,NULL,6,06/06/2026,0,NULL,NULL,0
193,25/12/2023,110410047,NULL,NULL,173077,NULL,NULL,NULL,,NULL,NULL,NULL,NULL,NULL,NULL,NULL,NULL,NULL,NULL,NULL,NULL,NULL,6,06/06/2026,0,NULL,NULL,0
194,29/01/2023,110410047,NULL,NULL,105000,NULL,NULL,NULL,,NULL,NULL,NULL,NULL,NULL,NULL,NULL,NULL,NULL,NULL,NULL,NULL,NULL,6,06/06/2026,0,NULL,NULL,0
195,31/03/2026,110410047,NULL,NULL,138462,NULL,NULL,NULL,,NULL,NULL,NULL,NULL,NULL,NULL,NULL,NULL,NULL,NULL,NULL,NULL,NULL,6,06/06/2026,0,NULL,NULL,0
196,28/01/2023,110410048,NULL,NULL,20000,NULL,NULL,NULL,,NULL,NULL,NULL,NULL,NULL,NULL,NULL,NULL,NULL,NULL,NULL,NULL,NULL,6,06/06/2026,0,NULL,NULL,0
197,03/07/2023,110410048,NULL,NULL,10000,NULL,NULL,NULL,,NULL,NULL,NULL,NULL,NULL,NULL,NULL,NULL,NULL,NULL,NULL,NULL,NULL,6,06/06/2026,0,NULL,NULL,0
198,05/05/2025,110410048,NULL,NULL,10000,NULL,NULL,NULL,,NULL,NULL,NULL,NULL,NULL,NULL,NULL,NULL,NULL,NULL,NULL,NULL,NULL,6,06/06/2026,0,NULL,NULL,0
199,20/03/2025,110410048,NULL,NULL,10000,NULL,NULL,NULL,,NULL,NULL,NULL,NULL,NULL,NULL,NULL,NULL,NULL,NULL,NULL,NULL,NULL,6,06/06/2026,0,NULL,NULL,0
200,10/08/2025,110410048,NULL,NULL,30000,NULL,NULL,NULL,,NULL,NULL,NULL,NULL,NULL,NULL,NULL,NULL,NULL,NULL,NULL,NULL,NULL,6,06/06/2026,0,NULL,NULL,0
201,09/03/2024,110410048,NULL,NULL,11250,NULL,NULL,NULL,,NULL,NULL,NULL,NULL,NULL,NULL,NULL,NULL,NULL,NULL,NULL,NULL,NULL,6,06/06/2026,0,NULL,NULL,0
202,20/12/2023,110410048,NULL,NULL,5000,NULL,NULL,NULL,,NULL,NULL,NULL,NULL,NULL,NULL,NULL,NULL,NULL,NULL,NULL,NULL,NULL,6,06/06/2026,0,NULL,NULL,0
203,05/05/2024,110410048,NULL,NULL,6000,NULL,NULL,NULL,,NULL,NULL,NULL,NULL,NULL,NULL,NULL,NULL,NULL,NULL,NULL,NULL,NULL,6,06/06/2026,0,NULL,NULL,0
204,26/12/2023,110410050,NULL,NULL,173077,NULL,NULL,NULL,,NULL,NULL,NULL,NULL,NULL,NULL,NULL,NULL,NULL,NULL,NULL,NULL,NULL,6,06/06/2026,0,NULL,NULL,0
205,28/02/2024,110410050,NULL,NULL,355769,NULL,NULL,NULL,,NULL,NULL,NULL,NULL,NULL,NULL,NULL,NULL,NULL,NULL,NULL,NULL,NULL,6,06/06/2026,0,NULL,NULL,0
206,12/03/2025,110410050,NULL,NULL,96154,NULL,NULL,NULL,,NULL,NULL,NULL,NULL,NULL,NULL,NULL,NULL,NULL,NULL,NULL,NULL,NULL,6,06/06/2026,0,NULL,NULL,0
207,29/08/2023,110410050,NULL,NULL,810961,NULL,NULL,NULL,,NULL,NULL,NULL,NULL,NULL,NULL,NULL,NULL,NULL,NULL,NULL,NULL,NULL,6,06/06/2026,0,NULL,NULL,0
208,14/11/2023,110410050,NULL,NULL,484615,NULL,NULL,NULL,,NULL,NULL,NULL,NULL,NULL,NULL,NULL,NULL,NULL,NULL,NULL,NULL,NULL,6,06/06/2026,0,NULL,NULL,0
209,04/12/2023,110410054,NULL,NULL,105000,NULL,NULL,NULL,,NULL,NULL,NULL,NULL,NULL,NULL,NULL,NULL,NULL,NULL,NULL,NULL,NULL,6,06/06/2026,0,NULL,NULL,0
210,16/11/2023,110410054,NULL,NULL,24500,NULL,NULL,NULL,,NULL,NULL,NULL,NULL,NULL,NULL,NULL,NULL,NULL,NULL,NULL,NULL,NULL,6,06/06/2026,0,NULL,NULL,0
211,16/11/2023,110410054,NULL,NULL,133000,NULL,NULL,NULL,,NULL,NULL,NULL,NULL,NULL,NULL,NULL,NULL,NULL,NULL,NULL,NULL,NULL,6,06/06/2026,0,NULL,NULL,0
212,23/08/2023,110410054,NULL,NULL,167000,NULL,NULL,NULL,,NULL,NULL,NULL,NULL,NULL,NULL,NULL,NULL,NULL,NULL,NULL,NULL,NULL,6,06/06/2026,0,NULL,NULL,0
213,21/08/2023,110410054,NULL,NULL,200000,NULL,NULL,NULL,,NULL,NULL,NULL,NULL,NULL,NULL,NULL,NULL,NULL,NULL,NULL,NULL,NULL,6,06/06/2026,0,NULL,NULL,0
214,12/05/2026,110410054,NULL,NULL,52500,NULL,NULL,NULL,,NULL,NULL,NULL,NULL,NULL,NULL,NULL,NULL,NULL,NULL,NULL,NULL,NULL,6,06/06/2026,0,NULL,NULL,0
215,27/03/2026,110410054,NULL,NULL,26250,NULL,NULL,NULL,,NULL,NULL,NULL,NULL,NULL,NULL,NULL,NULL,NULL,NULL,NULL,NULL,NULL,6,06/06/2026,0,NULL,NULL,0
216,14/03/2026,110410054,NULL,NULL,1000,NULL,NULL,NULL,,NULL,NULL,NULL,NULL,NULL,NULL,NULL,NULL,NULL,NULL,NULL,NULL,NULL,6,06/06/2026,0,NULL,NULL,0
217,27/01/2026,110410054,NULL,NULL,105000,NULL,NULL,NULL,,NULL,NULL,NULL,NULL,NULL,NULL,NULL,NULL,NULL,NULL,NULL,NULL,NULL,6,06/06/2026,0,NULL,NULL,0
218,11/02/2026,110410054,NULL,NULL,294231,NULL,NULL,NULL,,NULL,NULL,NULL,NULL,NULL,NULL,NULL,NULL,NULL,NULL,NULL,NULL,NULL,6,06/06/2026,0,NULL,NULL,0
219,11/02/2026,110410054,NULL,NULL,294231,NULL,NULL,NULL,,NULL,NULL,NULL,NULL,NULL,NULL,NULL,NULL,NULL,NULL,NULL,NULL,NULL,6,06/06/2026,0,NULL,NULL,0
220,27/02/2026,110410054,NULL,NULL,36750,NULL,NULL,NULL,,NULL,NULL,NULL,NULL,NULL,NULL,NULL,NULL,NULL,NULL,NULL,NULL,NULL,6,06/06/2026,0,NULL,NULL,0
221,11/02/2025,110410054,NULL,NULL,173077,NULL,NULL,NULL,,NULL,NULL,NULL,NULL,NULL,NULL,NULL,NULL,NULL,NULL,NULL,NULL,NULL,6,06/06/2026,0,NULL,NULL,0
222,11/02/2025,110410054,NULL,NULL,173077,NULL,NULL,NULL,,NULL,NULL,NULL,NULL,NULL,NULL,NULL,NULL,NULL,NULL,NULL,NULL,NULL,6,06/06/2026,0,NULL,NULL,0
223,22/05/2025,110410054,NULL,NULL,69571,NULL,NULL,NULL,,NULL,NULL,NULL,NULL,NULL,NULL,NULL,NULL,NULL,NULL,NULL,NULL,NULL,6,06/06/2026,0,NULL,NULL,0
224,29/07/2025,110410054,NULL,NULL,52500,NULL,NULL,NULL,,NULL,NULL,NULL,NULL,NULL,NULL,NULL,NULL,NULL,NULL,NULL,NULL,NULL,6,06/06/2026,0,NULL,NULL,0
225,28/07/2025,110410054,NULL,NULL,242308,NULL,NULL,NULL,,NULL,NULL,NULL,NULL,NULL,NULL,NULL,NULL,NULL,NULL,NULL,NULL,NULL,6,06/06/2026,0,NULL,NULL,0
226,19/06/2025,110410054,NULL,NULL,26134,NULL,NULL,NULL,,NULL,NULL,NULL,NULL,NULL,NULL,NULL,NULL,NULL,NULL,NULL,NULL,NULL,6,06/06/2026,0,NULL,NULL,0
227,28/08/2025,110410054,NULL,NULL,52500,NULL,NULL,NULL,,NULL,NULL,NULL,NULL,NULL,NULL,NULL,NULL,NULL,NULL,NULL,NULL,NULL,6,06/06/2026,0,NULL,NULL,0
228,03/09/2025,110410054,NULL,NULL,26250,NULL,NULL,NULL,,NULL,NULL,NULL,NULL,NULL,NULL,NULL,NULL,NULL,NULL,NULL,NULL,NULL,6,06/06/2026,0,NULL,NULL,0
229,01/10/2025,110410054,NULL,NULL,75000,NULL,NULL,NULL,,NULL,NULL,NULL,NULL,NULL,NULL,NULL,NULL,NULL,NULL,NULL,NULL,NULL,6,06/06/2026,0,NULL,NULL,0
230,10/10/2025,110410054,NULL,NULL,71814,NULL,NULL,NULL,,NULL,NULL,NULL,NULL,NULL,NULL,NULL,NULL,NULL,NULL,NULL,NULL,NULL,6,06/06/2026,0,NULL,NULL,0
231,15/09/2025,110410054,NULL,NULL,173077,NULL,NULL,NULL,,NULL,NULL,NULL,NULL,NULL,NULL,NULL,NULL,NULL,NULL,NULL,NULL,NULL,6,06/06/2026,0,NULL,NULL,0
232,27/11/2025,110410054,NULL,NULL,105000,NULL,NULL,NULL,,NULL,NULL,NULL,NULL,NULL,NULL,NULL,NULL,NULL,NULL,NULL,NULL,NULL,6,06/06/2026,0,NULL,NULL,0
233,27/10/2025,110410054,NULL,NULL,173077,NULL,NULL,NULL,,NULL,NULL,NULL,NULL,NULL,NULL,NULL,NULL,NULL,NULL,NULL,NULL,NULL,6,06/06/2026,0,NULL,NULL,0
234,28/10/2025,110410054,NULL,NULL,34303,NULL,NULL,NULL,,NULL,NULL,NULL,NULL,NULL,NULL,NULL,NULL,NULL,NULL,NULL,NULL,NULL,6,06/06/2026,0,NULL,NULL,0
235,15/03/2024,110410054,NULL,NULL,105000,NULL,NULL,NULL,,NULL,NULL,NULL,NULL,NULL,NULL,NULL,NULL,NULL,NULL,NULL,NULL,NULL,6,06/06/2026,0,NULL,NULL,0
236,15/01/2024,110410054,NULL,NULL,105000,NULL,NULL,NULL,,NULL,NULL,NULL,NULL,NULL,NULL,NULL,NULL,NULL,NULL,NULL,NULL,NULL,6,06/06/2026,0,NULL,NULL,0
237,09/02/2024,110410054,NULL,NULL,105000,NULL,NULL,NULL,,NULL,NULL,NULL,NULL,NULL,NULL,NULL,NULL,NULL,NULL,NULL,NULL,NULL,6,06/06/2026,0,NULL,NULL,0
238,23/05/2024,110410054,NULL,NULL,105000,NULL,NULL,NULL,,NULL,NULL,NULL,NULL,NULL,NULL,NULL,NULL,NULL,NULL,NULL,NULL,NULL,6,06/06/2026,0,NULL,NULL,0
239,15/07/2024,110410054,NULL,NULL,105000,NULL,NULL,NULL,,NULL,NULL,NULL,NULL,NULL,NULL,NULL,NULL,NULL,NULL,NULL,NULL,NULL,6,06/06/2026,0,NULL,NULL,0
240,21/01/2025,110410054,NULL,NULL,64968.75,NULL,NULL,NULL,,NULL,NULL,NULL,NULL,NULL,NULL,NULL,NULL,NULL,NULL,NULL,NULL,NULL,6,06/06/2026,0,NULL,NULL,0
241,05/02/2025,110410054,NULL,NULL,56500,NULL,NULL,NULL,,NULL,NULL,NULL,NULL,NULL,NULL,NULL,NULL,NULL,NULL,NULL,NULL,NULL,6,06/06/2026,0,NULL,NULL,0
242,21/02/2025,110410054,NULL,NULL,52500,NULL,NULL,NULL,,NULL,NULL,NULL,NULL,NULL,NULL,NULL,NULL,NULL,NULL,NULL,NULL,NULL,6,06/06/2026,0,NULL,NULL,0
243,30/12/2024,110410054,NULL,NULL,35000,NULL,NULL,NULL,,NULL,NULL,NULL,NULL,NULL,NULL,NULL,NULL,NULL,NULL,NULL,NULL,NULL,6,06/06/2026,0,NULL,NULL,0
244,27/11/2024,110410054,NULL,NULL,105000,NULL,NULL,NULL,,NULL,NULL,NULL,NULL,NULL,NULL,NULL,NULL,NULL,NULL,NULL,NULL,NULL,6,06/06/2026,0,NULL,NULL,0
245,27/11/2024,110410054,NULL,NULL,105000,NULL,NULL,NULL,,NULL,NULL,NULL,NULL,NULL,NULL,NULL,NULL,NULL,NULL,NULL,NULL,NULL,6,06/06/2026,0,NULL,NULL,0
246,17/12/2024,110410054,NULL,NULL,56299,NULL,NULL,NULL,,NULL,NULL,NULL,NULL,NULL,NULL,NULL,NULL,NULL,NULL,NULL,NULL,NULL,6,06/06/2026,0,NULL,NULL,0
247,08/11/2024,110410054,NULL,NULL,363462,NULL,NULL,NULL,,NULL,NULL,NULL,NULL,NULL,NULL,NULL,NULL,NULL,NULL,NULL,NULL,NULL,6,06/06/2026,0,NULL,NULL,0
248,24/09/2024,110410054,NULL,NULL,26250,NULL,NULL,NULL,,NULL,NULL,NULL,NULL,NULL,NULL,NULL,NULL,NULL,NULL,NULL,NULL,NULL,6,06/06/2026,0,NULL,NULL,0
249,22/10/2024,110410054,NULL,NULL,52500,NULL,NULL,NULL,,NULL,NULL,NULL,NULL,NULL,NULL,NULL,NULL,NULL,NULL,NULL,NULL,NULL,6,06/06/2026,0,NULL,NULL,0
250,29/10/2024,110410054,NULL,NULL,72500,NULL,NULL,NULL,,NULL,NULL,NULL,NULL,NULL,NULL,NULL,NULL,NULL,NULL,NULL,NULL,NULL,6,06/06/2026,0,NULL,NULL,0
251,01/11/2024,110410054,NULL,NULL,32500,NULL,NULL,NULL,,NULL,NULL,NULL,NULL,NULL,NULL,NULL,NULL,NULL,NULL,NULL,NULL,NULL,6,06/06/2026,0,NULL,NULL,0
252,09/09/2024,110410057,NULL,NULL,225000,NULL,NULL,NULL,,NULL,NULL,NULL,NULL,NULL,NULL,NULL,NULL,NULL,NULL,NULL,NULL,NULL,6,06/06/2026,0,NULL,NULL,0
253,29/11/2024,110410057,NULL,NULL,173077,NULL,NULL,NULL,,NULL,NULL,NULL,NULL,NULL,NULL,NULL,NULL,NULL,NULL,NULL,NULL,NULL,6,06/06/2026,0,NULL,NULL,0
254,15/07/2024,110410057,NULL,NULL,173077,NULL,NULL,NULL,,NULL,NULL,NULL,NULL,NULL,NULL,NULL,NULL,NULL,NULL,NULL,NULL,NULL,6,06/06/2026,0,NULL,NULL,0
255,07/05/2024,110410057,NULL,NULL,259615,NULL,NULL,NULL,,NULL,NULL,NULL,NULL,NULL,NULL,NULL,NULL,NULL,NULL,NULL,NULL,NULL,6,06/06/2026,0,NULL,NULL,0
256,22/03/2024,110410057,NULL,NULL,640385,NULL,NULL,NULL,,NULL,NULL,NULL,NULL,NULL,NULL,NULL,NULL,NULL,NULL,NULL,NULL,NULL,6,06/06/2026,0,NULL,NULL,0
257,06/02/2025,110410057,NULL,NULL,355767,NULL,NULL,NULL,,NULL,NULL,NULL,NULL,NULL,NULL,NULL,NULL,NULL,NULL,NULL,NULL,NULL,6,06/06/2026,0,NULL,NULL,0
258,25/02/2026,110410057,NULL,NULL,96154,NULL,NULL,NULL,,NULL,NULL,NULL,NULL,NULL,NULL,NULL,NULL,NULL,NULL,NULL,NULL,NULL,6,06/06/2026,0,NULL,NULL,0
259,08/04/2025,110410059,NULL,NULL,123750,NULL,NULL,NULL,,NULL,NULL,NULL,NULL,NULL,NULL,NULL,NULL,NULL,NULL,NULL,NULL,NULL,6,06/06/2026,0,NULL,NULL,0
260,14/05/2025,110410059,NULL,NULL,2362,NULL,NULL,NULL,,NULL,NULL,NULL,NULL,NULL,NULL,NULL,NULL,NULL,NULL,NULL,NULL,NULL,6,06/06/2026,0,NULL,NULL,0
261,10/06/2024,110410059,NULL,NULL,95192,NULL,NULL,NULL,,NULL,NULL,NULL,NULL,NULL,NULL,NULL,NULL,NULL,NULL,NULL,NULL,NULL,6,06/06/2026,0,NULL,NULL,0
262,20/02/2024,110410059,NULL,NULL,361731,NULL,NULL,NULL,,NULL,NULL,NULL,NULL,NULL,NULL,NULL,NULL,NULL,NULL,NULL,NULL,NULL,6,06/06/2026,0,NULL,NULL,0
263,26/09/2024,110410059,NULL,NULL,133269,NULL,NULL,NULL,,NULL,NULL,NULL,NULL,NULL,NULL,NULL,NULL,NULL,NULL,NULL,NULL,NULL,6,06/06/2026,0,NULL,NULL,0
264,14/10/2024,110410060,NULL,NULL,470999,NULL,NULL,NULL,,NULL,NULL,NULL,NULL,NULL,NULL,NULL,NULL,NULL,NULL,NULL,NULL,NULL,6,06/06/2026,0,NULL,NULL,0
265,14/10/2024,110410060,NULL,NULL,335115.9,NULL,NULL,NULL,,NULL,NULL,NULL,NULL,NULL,NULL,NULL,NULL,NULL,NULL,NULL,NULL,NULL,6,06/06/2026,0,NULL,NULL,0
266,19/11/2024,110410060,NULL,NULL,335115.9,NULL,NULL,NULL,,NULL,NULL,NULL,NULL,NULL,NULL,NULL,NULL,NULL,NULL,NULL,NULL,NULL,6,06/06/2026,0,NULL,NULL,0
267,27/12/2024,110410060,NULL,NULL,335115.9,NULL,NULL,NULL,,NULL,NULL,NULL,NULL,NULL,NULL,NULL,NULL,NULL,NULL,NULL,NULL,NULL,6,06/06/2026,0,NULL,NULL,0
268,15/02/2024,110410060,NULL,NULL,470999.34,NULL,NULL,NULL,,NULL,NULL,NULL,NULL,NULL,NULL,NULL,NULL,NULL,NULL,NULL,NULL,NULL,6,06/06/2026,0,NULL,NULL,0
269,02/02/2024,110410060,NULL,NULL,470999.34,NULL,NULL,NULL,,NULL,NULL,NULL,NULL,NULL,NULL,NULL,NULL,NULL,NULL,NULL,NULL,NULL,6,06/06/2026,0,NULL,NULL,0
270,26/06/2024,110410060,NULL,NULL,470999.34,NULL,NULL,NULL,,NULL,NULL,NULL,NULL,NULL,NULL,NULL,NULL,NULL,NULL,NULL,NULL,NULL,6,06/06/2026,0,NULL,NULL,0
271,01/04/2024,110410060,NULL,NULL,470999.34,NULL,NULL,NULL,,NULL,NULL,NULL,NULL,NULL,NULL,NULL,NULL,NULL,NULL,NULL,NULL,NULL,6,06/06/2026,0,NULL,NULL,0
272,23/05/2025,110410060,NULL,NULL,100000,NULL,NULL,NULL,,NULL,NULL,NULL,NULL,NULL,NULL,NULL,NULL,NULL,NULL,NULL,NULL,NULL,6,06/06/2026,0,NULL,NULL,0
273,23/05/2025,110410060,NULL,NULL,204420.7,NULL,NULL,NULL,,NULL,NULL,NULL,NULL,NULL,NULL,NULL,NULL,NULL,NULL,NULL,NULL,NULL,6,06/06/2026,0,NULL,NULL,0
274,15/07/2025,110410060,NULL,NULL,50000,NULL,NULL,NULL,,NULL,NULL,NULL,NULL,NULL,NULL,NULL,NULL,NULL,NULL,NULL,NULL,NULL,6,06/06/2026,0,NULL,NULL,0
275,09/04/2025,110410060,NULL,NULL,149149.79,NULL,NULL,NULL,,NULL,NULL,NULL,NULL,NULL,NULL,NULL,NULL,NULL,NULL,NULL,NULL,NULL,6,06/06/2026,0,NULL,NULL,0
276,20/01/2025,110410060,NULL,NULL,335115.9,NULL,NULL,NULL,,NULL,NULL,NULL,NULL,NULL,NULL,NULL,NULL,NULL,NULL,NULL,NULL,NULL,6,06/06/2026,0,NULL,NULL,0
277,25/10/2025,110410060,NULL,NULL,14000,NULL,NULL,NULL,,NULL,NULL,NULL,NULL,NULL,NULL,NULL,NULL,NULL,NULL,NULL,NULL,NULL,6,06/06/2026,0,NULL,NULL,0
278,07/10/2025,110410060,NULL,NULL,8500,NULL,NULL,NULL,,NULL,NULL,NULL,NULL,NULL,NULL,NULL,NULL,NULL,NULL,NULL,NULL,NULL,6,06/06/2026,0,NULL,NULL,0
279,29/09/2025,110410060,NULL,NULL,3000,NULL,NULL,NULL,,NULL,NULL,NULL,NULL,NULL,NULL,NULL,NULL,NULL,NULL,NULL,NULL,NULL,6,06/06/2026,0,NULL,NULL,0
280,15/09/2025,110410060,NULL,NULL,8500,NULL,NULL,NULL,,NULL,NULL,NULL,NULL,NULL,NULL,NULL,NULL,NULL,NULL,NULL,NULL,NULL,6,06/06/2026,0,NULL,NULL,0
281,09/09/2025,110410060,NULL,NULL,225740,NULL,NULL,NULL,,NULL,NULL,NULL,NULL,NULL,NULL,NULL,NULL,NULL,NULL,NULL,NULL,NULL,6,06/06/2026,0,NULL,NULL,0
282,20/08/2025,110410060,NULL,NULL,14500,NULL,NULL,NULL,,NULL,NULL,NULL,NULL,NULL,NULL,NULL,NULL,NULL,NULL,NULL,NULL,NULL,6,06/06/2026,0,NULL,NULL,0
283,28/08/2025,110410060,NULL,NULL,5748.75,NULL,NULL,NULL,,NULL,NULL,NULL,NULL,NULL,NULL,NULL,NULL,NULL,NULL,NULL,NULL,NULL,6,06/06/2026,0,NULL,NULL,0
284,17/03/2026,110410060,NULL,NULL,100000,NULL,NULL,NULL,,NULL,NULL,NULL,NULL,NULL,NULL,NULL,NULL,NULL,NULL,NULL,NULL,NULL,6,06/06/2026,0,NULL,NULL,0
285,08/06/2023,110410060,NULL,NULL,470999.34,NULL,NULL,NULL,,NULL,NULL,NULL,NULL,NULL,NULL,NULL,NULL,NULL,NULL,NULL,NULL,NULL,6,06/06/2026,0,NULL,NULL,0
286,29/08/2023,110410060,NULL,NULL,470999,NULL,NULL,NULL,,NULL,NULL,NULL,NULL,NULL,NULL,NULL,NULL,NULL,NULL,NULL,NULL,NULL,6,06/06/2026,0,NULL,NULL,0
287,29/11/2023,110410060,NULL,NULL,470999.34,NULL,NULL,NULL,,NULL,NULL,NULL,NULL,NULL,NULL,NULL,NULL,NULL,NULL,NULL,NULL,NULL,6,06/06/2026,0,NULL,NULL,0
288,29/11/2023,110410060,NULL,NULL,470999.34,NULL,NULL,NULL,,NULL,NULL,NULL,NULL,NULL,NULL,NULL,NULL,NULL,NULL,NULL,NULL,NULL,6,06/06/2026,0,NULL,NULL,0
289,12/10/2023,110410060,NULL,NULL,470999.34,NULL,NULL,NULL,,NULL,NULL,NULL,NULL,NULL,NULL,NULL,NULL,NULL,NULL,NULL,NULL,NULL,6,06/06/2026,0,NULL,NULL,0
290,21/03/2025,110410066,NULL,NULL,188000,NULL,NULL,NULL,,NULL,NULL,NULL,NULL,NULL,NULL,NULL,NULL,NULL,NULL,NULL,NULL,NULL,6,06/06/2026,0,NULL,NULL,0
291,08/12/2024,110410066,NULL,NULL,37500,NULL,NULL,NULL,,NULL,NULL,NULL,NULL,NULL,NULL,NULL,NULL,NULL,NULL,NULL,NULL,NULL,6,06/06/2026,0,NULL,NULL,0
292,24/10/2024,110410066,NULL,NULL,93600,NULL,NULL,NULL,,NULL,NULL,NULL,NULL,NULL,NULL,NULL,NULL,NULL,NULL,NULL,NULL,NULL,6,06/06/2026,0,NULL,NULL,0
293,13/09/2024,110410066,NULL,NULL,216000,NULL,NULL,NULL,,NULL,NULL,NULL,NULL,NULL,NULL,NULL,NULL,NULL,NULL,NULL,NULL,NULL,6,06/06/2026,0,NULL,NULL,0
294,02/08/2024,110410066,NULL,NULL,302400,NULL,NULL,NULL,,NULL,NULL,NULL,NULL,NULL,NULL,NULL,NULL,NULL,NULL,NULL,NULL,NULL,6,06/06/2026,0,NULL,NULL,0
295,26/12/2024,110410069,NULL,NULL,121924.95,NULL,NULL,NULL,,NULL,NULL,NULL,NULL,NULL,NULL,NULL,NULL,NULL,NULL,NULL,NULL,NULL,6,06/06/2026,0,NULL,NULL,0
296,05/03/2025,110410069,NULL,NULL,151186.35,NULL,NULL,NULL,,NULL,NULL,NULL,NULL,NULL,NULL,NULL,NULL,NULL,NULL,NULL,NULL,NULL,6,06/06/2026,0,NULL,NULL,0
297,16/09/2025,110410069,NULL,NULL,165817.05,NULL,NULL,NULL,,NULL,NULL,NULL,NULL,NULL,NULL,NULL,NULL,NULL,NULL,NULL,NULL,NULL,6,06/06/2026,0,NULL,NULL,0
298,27/08/2025,110410069,NULL,NULL,165817.05,NULL,NULL,NULL,,NULL,NULL,NULL,NULL,NULL,NULL,NULL,NULL,NULL,NULL,NULL,NULL,NULL,6,06/06/2026,0,NULL,NULL,0
299,11/11/2025,110410069,NULL,NULL,195079.5,NULL,NULL,NULL,,NULL,NULL,NULL,NULL,NULL,NULL,NULL,NULL,NULL,NULL,NULL,NULL,NULL,6,06/06/2026,0,NULL,NULL,0
300,30/03/2026,110410069,NULL,NULL,136555.65,NULL,NULL,NULL,,NULL,NULL,NULL,NULL,NULL,NULL,NULL,NULL,NULL,NULL,NULL,NULL,NULL,6,06/06/2026,0,NULL,NULL,0
301,15/12/2025,110410070,NULL,NULL,343137,NULL,NULL,NULL,,NULL,NULL,NULL,NULL,NULL,NULL,NULL,NULL,NULL,NULL,NULL,NULL,NULL,6,06/06/2026,0,NULL,NULL,0
302,18/08/2025,110410070,NULL,NULL,242647,NULL,NULL,NULL,,NULL,NULL,NULL,NULL,NULL,NULL,NULL,NULL,NULL,NULL,NULL,NULL,NULL,6,06/06/2026,0,NULL,NULL,0
303,08/04/2025,110410070,NULL,NULL,220588,NULL,NULL,NULL,,NULL,NULL,NULL,NULL,NULL,NULL,NULL,NULL,NULL,NULL,NULL,NULL,NULL,6,06/06/2026,0,NULL,NULL,0
304,17/12/2024,110410070,NULL,NULL,121324,NULL,NULL,NULL,,NULL,NULL,NULL,NULL,NULL,NULL,NULL,NULL,NULL,NULL,NULL,NULL,NULL,6,06/06/2026,0,NULL,NULL,0
305,28/11/2024,110410070,NULL,NULL,297794,NULL,NULL,NULL,,NULL,NULL,NULL,NULL,NULL,NULL,NULL,NULL,NULL,NULL,NULL,NULL,NULL,6,06/06/2026,0,NULL,NULL,0
306,25/11/2024,110410070,NULL,NULL,297794,NULL,NULL,NULL,,NULL,NULL,NULL,NULL,NULL,NULL,NULL,NULL,NULL,NULL,NULL,NULL,NULL,6,06/06/2026,0,NULL,NULL,0
307,28/11/2024,110410070,NULL,NULL,297794,NULL,NULL,NULL,,NULL,NULL,NULL,NULL,NULL,NULL,NULL,NULL,NULL,NULL,NULL,NULL,NULL,6,06/06/2026,0,NULL,NULL,0
308,22/05/2024,110410071,NULL,NULL,300000,NULL,NULL,NULL,,NULL,NULL,NULL,NULL,NULL,NULL,NULL,NULL,NULL,NULL,NULL,NULL,NULL,6,06/06/2026,0,NULL,NULL,0
309,05/02/2025,110410071,NULL,NULL,387000,NULL,NULL,NULL,,NULL,NULL,NULL,NULL,NULL,NULL,NULL,NULL,NULL,NULL,NULL,NULL,NULL,6,06/06/2026,0,NULL,NULL,0
310,03/06/2025,110410071,NULL,NULL,223269,NULL,NULL,NULL,,NULL,NULL,NULL,NULL,NULL,NULL,NULL,NULL,NULL,NULL,NULL,NULL,NULL,6,06/06/2026,0,NULL,NULL,0
311,30/09/2025,110410071,NULL,NULL,178615,NULL,NULL,NULL,,NULL,NULL,NULL,NULL,NULL,NULL,NULL,NULL,NULL,NULL,NULL,NULL,NULL,6,06/06/2026,0,NULL,NULL,0
312,27/05/2026,110410071,NULL,NULL,178615,NULL,NULL,NULL,,NULL,NULL,NULL,NULL,NULL,NULL,NULL,NULL,NULL,NULL,NULL,NULL,NULL,6,06/06/2026,0,NULL,NULL,0
313,25/02/2026,110410071,NULL,NULL,223269,NULL,NULL,NULL,,NULL,NULL,NULL,NULL,NULL,NULL,NULL,NULL,NULL,NULL,NULL,NULL,NULL,6,06/06/2026,0,NULL,NULL,0
314,30/09/2025,110410072,NULL,NULL,144892,NULL,NULL,NULL,,NULL,NULL,NULL,NULL,NULL,NULL,NULL,NULL,NULL,NULL,NULL,NULL,NULL,6,06/06/2026,0,NULL,NULL,0
315,03/06/2025,110410072,NULL,NULL,105732,NULL,NULL,NULL,,NULL,NULL,NULL,NULL,NULL,NULL,NULL,NULL,NULL,NULL,NULL,NULL,NULL,6,06/06/2026,0,NULL,NULL,0
316,24/02/2025,110410072,NULL,NULL,352440,NULL,NULL,NULL,,NULL,NULL,NULL,NULL,NULL,NULL,NULL,NULL,NULL,NULL,NULL,NULL,NULL,6,06/06/2026,0,NULL,NULL,0
317,10/04/2025,110410072,NULL,NULL,140976,NULL,NULL,NULL,,NULL,NULL,NULL,NULL,NULL,NULL,NULL,NULL,NULL,NULL,NULL,NULL,NULL,6,06/06/2026,0,NULL,NULL,0
318,09/10/2024,110410072,NULL,NULL,104500,NULL,NULL,NULL,,NULL,NULL,NULL,NULL,NULL,NULL,NULL,NULL,NULL,NULL,NULL,NULL,NULL,6,06/06/2026,0,NULL,NULL,0
319,08/11/2024,110410073,NULL,NULL,363462,NULL,NULL,NULL,,NULL,NULL,NULL,NULL,NULL,NULL,NULL,NULL,NULL,NULL,NULL,NULL,NULL,6,06/06/2026,0,NULL,NULL,0
320,19/12/2024,110410073,NULL,NULL,100000,NULL,NULL,NULL,,NULL,NULL,NULL,NULL,NULL,NULL,NULL,NULL,NULL,NULL,NULL,NULL,NULL,6,06/06/2026,0,NULL,NULL,0
321,19/12/2024,110410073,NULL,NULL,100000,NULL,NULL,NULL,,NULL,NULL,NULL,NULL,NULL,NULL,NULL,NULL,NULL,NULL,NULL,NULL,NULL,6,06/06/2026,0,NULL,NULL,0
322,24/02/2025,110410073,NULL,NULL,294231,NULL,NULL,NULL,,NULL,NULL,NULL,NULL,NULL,NULL,NULL,NULL,NULL,NULL,NULL,NULL,NULL,6,06/06/2026,0,NULL,NULL,0
323,16/06/2025,110410073,NULL,NULL,190385,NULL,NULL,NULL,,NULL,NULL,NULL,NULL,NULL,NULL,NULL,NULL,NULL,NULL,NULL,NULL,NULL,6,06/06/2026,0,NULL,NULL,0
324,03/10/2025,110410073,NULL,NULL,207692,NULL,NULL,NULL,,NULL,NULL,NULL,NULL,NULL,NULL,NULL,NULL,NULL,NULL,NULL,NULL,NULL,6,06/06/2026,0,NULL,NULL,0
325,06/02/2026,110410073,NULL,NULL,207692,NULL,NULL,NULL,,NULL,NULL,NULL,NULL,NULL,NULL,NULL,NULL,NULL,NULL,NULL,NULL,NULL,6,06/06/2026,0,NULL,NULL,0
326,18/03/2026,110410073,NULL,NULL,294231,NULL,NULL,NULL,,NULL,NULL,NULL,NULL,NULL,NULL,NULL,NULL,NULL,NULL,NULL,NULL,NULL,6,06/06/2026,0,NULL,NULL,0
327,16/04/2026,110410075,NULL,NULL,123750,NULL,NULL,NULL,,NULL,NULL,NULL,NULL,NULL,NULL,NULL,NULL,NULL,NULL,NULL,NULL,NULL,6,06/06/2026,0,NULL,NULL,0
328,27/10/2025,110410075,NULL,NULL,142788,NULL,NULL,NULL,,NULL,NULL,NULL,NULL,NULL,NULL,NULL,NULL,NULL,NULL,NULL,NULL,NULL,6,06/06/2026,0,NULL,NULL,0
329,23/07/2025,110410075,NULL,NULL,342692,NULL,NULL,NULL,,NULL,NULL,NULL,NULL,NULL,NULL,NULL,NULL,NULL,NULL,NULL,NULL,NULL,6,06/06/2026,0,NULL,NULL,0
330,29/07/2025,110410076,NULL,NULL,499760,NULL,NULL,NULL,,NULL,NULL,NULL,NULL,NULL,NULL,NULL,NULL,NULL,NULL,NULL,NULL,NULL,6,06/06/2026,0,NULL,NULL,0
331,27/11/2025,110410076,NULL,NULL,20000,NULL,NULL,NULL,,NULL,NULL,NULL,NULL,NULL,NULL,NULL,NULL,NULL,NULL,NULL,NULL,NULL,6,06/06/2026,0,NULL,NULL,0
332,16/09/2025,110410076,NULL,NULL,212019,NULL,NULL,NULL,,NULL,NULL,NULL,NULL,NULL,NULL,NULL,NULL,NULL,NULL,NULL,NULL,NULL,6,06/06/2026,0,NULL,NULL,0
333,27/09/2025,110410076,NULL,NULL,100000,NULL,NULL,NULL,,NULL,NULL,NULL,NULL,NULL,NULL,NULL,NULL,NULL,NULL,NULL,NULL,NULL,6,06/06/2026,0,NULL,NULL,0
334,12/02/2025,110410076,NULL,NULL,150000,NULL,NULL,NULL,,NULL,NULL,NULL,NULL,NULL,NULL,NULL,NULL,NULL,NULL,NULL,NULL,NULL,6,06/06/2026,0,NULL,NULL,0
335,09/09/2024,110410076,NULL,NULL,100000,NULL,NULL,NULL,,NULL,NULL,NULL,NULL,NULL,NULL,NULL,NULL,NULL,NULL,NULL,NULL,NULL,6,06/06/2026,0,NULL,NULL,0
336,25/03/2026,110410076,NULL,NULL,151442,NULL,NULL,NULL,,NULL,NULL,NULL,NULL,NULL,NULL,NULL,NULL,NULL,NULL,NULL,NULL,NULL,6,06/06/2026,0,NULL,NULL,0
337,19/10/2024,110410077,NULL,NULL,249999.75,NULL,NULL,NULL,,NULL,NULL,NULL,NULL,NULL,NULL,NULL,NULL,NULL,NULL,NULL,NULL,NULL,6,06/06/2026,0,NULL,NULL,0
338,17/10/2024,110410078,NULL,NULL,74340,NULL,NULL,NULL,,NULL,NULL,NULL,NULL,NULL,NULL,NULL,NULL,NULL,NULL,NULL,NULL,NULL,6,06/06/2026,0,NULL,NULL,0
339,18/12/2024,110410078,NULL,NULL,35937.3,NULL,NULL,NULL,,NULL,NULL,NULL,NULL,NULL,NULL,NULL,NULL,NULL,NULL,NULL,NULL,NULL,6,06/06/2026,0,NULL,NULL,0
340,30/12/2024,110410078,NULL,NULL,21000,NULL,NULL,NULL,,NULL,NULL,NULL,NULL,NULL,NULL,NULL,NULL,NULL,NULL,NULL,NULL,NULL,6,06/06/2026,0,NULL,NULL,0
341,21/11/2024,110410078,NULL,NULL,37170,NULL,NULL,NULL,,NULL,NULL,NULL,NULL,NULL,NULL,NULL,NULL,NULL,NULL,NULL,NULL,NULL,6,06/06/2026,0,NULL,NULL,0
342,25/03/2025,110410078,NULL,NULL,44100,NULL,NULL,NULL,,NULL,NULL,NULL,NULL,NULL,NULL,NULL,NULL,NULL,NULL,NULL,NULL,NULL,6,06/06/2026,0,NULL,NULL,0
343,09/04/2025,110410078,NULL,NULL,32550,NULL,NULL,NULL,,NULL,NULL,NULL,NULL,NULL,NULL,NULL,NULL,NULL,NULL,NULL,NULL,NULL,6,06/06/2026,0,NULL,NULL,0
344,25/08/2025,110410079,NULL,NULL,530048,NULL,NULL,NULL,,NULL,NULL,NULL,NULL,NULL,NULL,NULL,NULL,NULL,NULL,NULL,NULL,NULL,6,06/06/2026,0,NULL,NULL,0
345,22/10/2025,110410079,NULL,NULL,166587,NULL,NULL,NULL,,NULL,NULL,NULL,NULL,NULL,NULL,NULL,NULL,NULL,NULL,NULL,NULL,NULL,6,06/06/2026,0,NULL,NULL,0
346,16/10/2024,110410079,NULL,NULL,300000,NULL,NULL,NULL,,NULL,NULL,NULL,NULL,NULL,NULL,NULL,NULL,NULL,NULL,NULL,NULL,NULL,6,06/06/2026,0,NULL,NULL,0
347,27/04/2026,110410079,NULL,NULL,151442,NULL,NULL,NULL,,NULL,NULL,NULL,NULL,NULL,NULL,NULL,NULL,NULL,NULL,NULL,NULL,NULL,6,06/06/2026,0,NULL,NULL,0
348,24/03/2026,110410079,NULL,NULL,212019,NULL,NULL,NULL,,NULL,NULL,NULL,NULL,NULL,NULL,NULL,NULL,NULL,NULL,NULL,NULL,NULL,6,06/06/2026,0,NULL,NULL,0
349,24/03/2026,110410079,NULL,NULL,212019,NULL,NULL,NULL,,NULL,NULL,NULL,NULL,NULL,NULL,NULL,NULL,NULL,NULL,NULL,NULL,NULL,6,06/06/2026,0,NULL,NULL,0
350,15/01/2026,110410079,NULL,NULL,151442,NULL,NULL,NULL,,NULL,NULL,NULL,NULL,NULL,NULL,NULL,NULL,NULL,NULL,NULL,NULL,NULL,6,06/06/2026,0,NULL,NULL,0
351,25/03/2026,110410080,NULL,NULL,7500,NULL,NULL,NULL,,NULL,NULL,NULL,NULL,NULL,NULL,NULL,NULL,NULL,NULL,NULL,NULL,NULL,6,06/06/2026,0,NULL,NULL,0
352,04/03/2026,110410080,NULL,NULL,24000,NULL,NULL,NULL,,NULL,NULL,NULL,NULL,NULL,NULL,NULL,NULL,NULL,NULL,NULL,NULL,NULL,6,06/06/2026,0,NULL,NULL,0
353,14/11/2024,110410080,NULL,NULL,105000,NULL,NULL,NULL,,NULL,NULL,NULL,NULL,NULL,NULL,NULL,NULL,NULL,NULL,NULL,NULL,NULL,6,06/06/2026,0,NULL,NULL,0
354,01/10/2025,110410080,NULL,NULL,75000,NULL,NULL,NULL,,NULL,NULL,NULL,NULL,NULL,NULL,NULL,NULL,NULL,NULL,NULL,NULL,NULL,6,06/06/2026,0,NULL,NULL,0
355,27/08/2025,110410080,NULL,NULL,378606,NULL,NULL,NULL,,NULL,NULL,NULL,NULL,NULL,NULL,NULL,NULL,NULL,NULL,NULL,NULL,NULL,6,06/06/2026,0,NULL,NULL,0
356,01/06/2025,110410080,NULL,NULL,78750,NULL,NULL,NULL,,NULL,NULL,NULL,NULL,NULL,NULL,NULL,NULL,NULL,NULL,NULL,NULL,NULL,6,06/06/2026,0,NULL,NULL,0
357,01/10/2025,110410081,NULL,NULL,575481,NULL,NULL,NULL,,NULL,NULL,NULL,NULL,NULL,NULL,NULL,NULL,NULL,NULL,NULL,NULL,NULL,6,06/06/2026,0,NULL,NULL,0
358,22/10/2025,110410081,NULL,NULL,151442,NULL,NULL,NULL,,NULL,NULL,NULL,NULL,NULL,NULL,NULL,NULL,NULL,NULL,NULL,NULL,NULL,6,06/06/2026,0,NULL,NULL,0
359,15/01/2026,110410081,NULL,NULL,151442,NULL,NULL,NULL,,NULL,NULL,NULL,NULL,NULL,NULL,NULL,NULL,NULL,NULL,NULL,NULL,NULL,6,06/06/2026,0,NULL,NULL,0
360,27/04/2026,110410081,NULL,NULL,151442,NULL,NULL,NULL,,NULL,NULL,NULL,NULL,NULL,NULL,NULL,NULL,NULL,NULL,NULL,NULL,NULL,6,06/06/2026,0,NULL,NULL,0
361,24/03/2026,110410081,NULL,NULL,181731,NULL,NULL,NULL,,NULL,NULL,NULL,NULL,NULL,NULL,NULL,NULL,NULL,NULL,NULL,NULL,NULL,6,06/06/2026,0,NULL,NULL,0
362,04/01/2026,110410082,NULL,NULL,200000,NULL,NULL,NULL,,NULL,NULL,NULL,NULL,NULL,NULL,NULL,NULL,NULL,NULL,NULL,NULL,NULL,6,06/06/2026,0,NULL,NULL,0
363,20/02/2026,110410083,NULL,NULL,207692,NULL,NULL,NULL,,NULL,NULL,NULL,NULL,NULL,NULL,NULL,NULL,NULL,NULL,NULL,NULL,NULL,6,06/06/2026,0,NULL,NULL,0
364,07/04/2026,110410083,NULL,NULL,225000,NULL,NULL,NULL,,NULL,NULL,NULL,NULL,NULL,NULL,NULL,NULL,NULL,NULL,NULL,NULL,NULL,6,06/06/2026,0,NULL,NULL,0
365,29/12/2025,110410083,NULL,NULL,225000,NULL,NULL,NULL,,NULL,NULL,NULL,NULL,NULL,NULL,NULL,NULL,NULL,NULL,NULL,NULL,NULL,6,06/06/2026,0,NULL,NULL,0
366,12/08/2025,110410083,NULL,NULL,225000,NULL,NULL,NULL,,NULL,NULL,NULL,NULL,NULL,NULL,NULL,NULL,NULL,NULL,NULL,NULL,NULL,6,06/06/2026,0,NULL,NULL,0
367,30/07/2025,110410083,NULL,NULL,467308,NULL,NULL,NULL,,NULL,NULL,NULL,NULL,NULL,NULL,NULL,NULL,NULL,NULL,NULL,NULL,NULL,6,06/06/2026,0,NULL,NULL,0
368,27/07/2025,110410084,NULL,NULL,31500,NULL,NULL,NULL,,NULL,NULL,NULL,NULL,NULL,NULL,NULL,NULL,NULL,NULL,NULL,NULL,NULL,6,06/06/2026,0,NULL,NULL,0
369,29/06/2025,110410084,NULL,NULL,31500,NULL,NULL,NULL,,NULL,NULL,NULL,NULL,NULL,NULL,NULL,NULL,NULL,NULL,NULL,NULL,NULL,6,06/06/2026,0,NULL,NULL,0
370,08/04/2025,110410084,NULL,NULL,210000,NULL,NULL,NULL,,NULL,NULL,NULL,NULL,NULL,NULL,NULL,NULL,NULL,NULL,NULL,NULL,NULL,6,06/06/2026,0,NULL,NULL,0
371,28/08/2025,110410084,NULL,NULL,31500,NULL,NULL,NULL,,NULL,NULL,NULL,NULL,NULL,NULL,NULL,NULL,NULL,NULL,NULL,NULL,NULL,6,06/06/2026,0,NULL,NULL,0
372,26/09/2025,110410084,NULL,NULL,31500,NULL,NULL,NULL,,NULL,NULL,NULL,NULL,NULL,NULL,NULL,NULL,NULL,NULL,NULL,NULL,NULL,6,06/06/2026,0,NULL,NULL,0
373,28/12/2025,110410084,NULL,NULL,31500,NULL,NULL,NULL,,NULL,NULL,NULL,NULL,NULL,NULL,NULL,NULL,NULL,NULL,NULL,NULL,NULL,6,06/06/2026,0,NULL,NULL,0
374,29/12/2025,110410084,NULL,NULL,454369,NULL,NULL,NULL,,NULL,NULL,NULL,NULL,NULL,NULL,NULL,NULL,NULL,NULL,NULL,NULL,NULL,6,06/06/2026,0,NULL,NULL,0
375,27/01/2026,110410084,NULL,NULL,31500,NULL,NULL,NULL,,NULL,NULL,NULL,NULL,NULL,NULL,NULL,NULL,NULL,NULL,NULL,NULL,NULL,6,06/06/2026,0,NULL,NULL,0
376,27/10/2025,110410084,NULL,NULL,31500,NULL,NULL,NULL,,NULL,NULL,NULL,NULL,NULL,NULL,NULL,NULL,NULL,NULL,NULL,NULL,NULL,6,06/06/2026,0,NULL,NULL,0
377,27/11/2025,110410084,NULL,NULL,31500,NULL,NULL,NULL,,NULL,NULL,NULL,NULL,NULL,NULL,NULL,NULL,NULL,NULL,NULL,NULL,NULL,6,06/06/2026,0,NULL,NULL,0
378,27/02/2026,110410084,NULL,NULL,31500,NULL,NULL,NULL,,NULL,NULL,NULL,NULL,NULL,NULL,NULL,NULL,NULL,NULL,NULL,NULL,NULL,6,06/06/2026,0,NULL,NULL,0
379,29/03/2026,110410084,NULL,NULL,31500,NULL,NULL,NULL,,NULL,NULL,NULL,NULL,NULL,NULL,NULL,NULL,NULL,NULL,NULL,NULL,NULL,6,06/06/2026,0,NULL,NULL,0
380,23/01/2026,110410084,NULL,NULL,174757,NULL,NULL,NULL,,NULL,NULL,NULL,NULL,NULL,NULL,NULL,NULL,NULL,NULL,NULL,NULL,NULL,6,06/06/2026,0,NULL,NULL,0
381,23/01/2026,110410084,NULL,NULL,174757,NULL,NULL,NULL,,NULL,NULL,NULL,NULL,NULL,NULL,NULL,NULL,NULL,NULL,NULL,NULL,NULL,6,06/06/2026,0,NULL,NULL,0
382,27/01/2026,110410085,NULL,NULL,393750,NULL,NULL,NULL,,NULL,NULL,NULL,NULL,NULL,NULL,NULL,NULL,NULL,NULL,NULL,NULL,NULL,6,06/06/2026,0,NULL,NULL,0
383,06/02/2026,110410085,NULL,NULL,189000,NULL,NULL,NULL,,NULL,NULL,NULL,NULL,NULL,NULL,NULL,NULL,NULL,NULL,NULL,NULL,NULL,6,06/06/2026,0,NULL,NULL,0
384,25/04/2026,110410085,NULL,NULL,66000,NULL,NULL,NULL,,NULL,NULL,NULL,NULL,NULL,NULL,NULL,NULL,NULL,NULL,NULL,NULL,NULL,6,06/06/2026,0,NULL,NULL,0
385,27/04/2026,110410085,NULL,NULL,24000,NULL,NULL,NULL,,NULL,NULL,NULL,NULL,NULL,NULL,NULL,NULL,NULL,NULL,NULL,NULL,NULL,6,06/06/2026,0,NULL,NULL,0
386,28/01/2026,110410085,NULL,NULL,26000,NULL,NULL,NULL,,NULL,NULL,NULL,NULL,NULL,NULL,NULL,NULL,NULL,NULL,NULL,NULL,NULL,6,06/06/2026,0,NULL,NULL,0
387,12/12/2025,110410085,NULL,NULL,100000,NULL,NULL,NULL,,NULL,NULL,NULL,NULL,NULL,NULL,NULL,NULL,NULL,NULL,NULL,NULL,NULL,6,06/06/2026,0,NULL,NULL,0
388,24/11/2025,110410086,NULL,NULL,436893,NULL,NULL,NULL,,NULL,NULL,NULL,NULL,NULL,NULL,NULL,NULL,NULL,NULL,NULL,NULL,NULL,6,06/06/2026,0,NULL,NULL,0
389,03/12/2025,110410086,NULL,NULL,20000,NULL,NULL,NULL,,NULL,NULL,NULL,NULL,NULL,NULL,NULL,NULL,NULL,NULL,NULL,NULL,NULL,6,06/06/2026,0,NULL,NULL,0
390,27/09/2025,110410086,NULL,NULL,20000,NULL,NULL,NULL,,NULL,NULL,NULL,NULL,NULL,NULL,NULL,NULL,NULL,NULL,NULL,NULL,NULL,6,06/06/2026,0,NULL,NULL,0
391,26/04/2025,110410086,NULL,NULL,20000,NULL,NULL,NULL,,NULL,NULL,NULL,NULL,NULL,NULL,NULL,NULL,NULL,NULL,NULL,NULL,NULL,6,06/06/2026,0,NULL,NULL,0
392,30/05/2025,110410086,NULL,NULL,20000,NULL,NULL,NULL,,NULL,NULL,NULL,NULL,NULL,NULL,NULL,NULL,NULL,NULL,NULL,NULL,NULL,6,06/06/2026,0,NULL,NULL,0
393,01/05/2026,110410086,NULL,NULL,35000,NULL,NULL,NULL,,NULL,NULL,NULL,NULL,NULL,NULL,NULL,NULL,NULL,NULL,NULL,NULL,NULL,6,06/06/2026,0,NULL,NULL,0
394,05/02/2026,110410086,NULL,NULL,10000,NULL,NULL,NULL,,NULL,NULL,NULL,NULL,NULL,NULL,NULL,NULL,NULL,NULL,NULL,NULL,NULL,6,06/06/2026,0,NULL,NULL,0
395,27/02/2026,110410086,NULL,NULL,25000,NULL,NULL,NULL,,NULL,NULL,NULL,NULL,NULL,NULL,NULL,NULL,NULL,NULL,NULL,NULL,NULL,6,06/06/2026,0,NULL,NULL,0
396,23/01/2026,110410086,NULL,NULL,174757,NULL,NULL,NULL,,NULL,NULL,NULL,NULL,NULL,NULL,NULL,NULL,NULL,NULL,NULL,NULL,NULL,6,06/06/2026,0,NULL,NULL,0
397,24/03/2026,110410087,NULL,NULL,378606,NULL,NULL,NULL,,NULL,NULL,NULL,NULL,NULL,NULL,NULL,NULL,NULL,NULL,NULL,NULL,NULL,6,06/06/2026,0,NULL,NULL,0
398,07/01/2026,110410089,NULL,NULL,484615,NULL,NULL,NULL,,NULL,NULL,NULL,NULL,NULL,NULL,NULL,NULL,NULL,NULL,NULL,NULL,NULL,6,06/06/2026,0,NULL,NULL,0
399,26/01/2026,110410089,NULL,NULL,173077,NULL,NULL,NULL,,NULL,NULL,NULL,NULL,NULL,NULL,NULL,NULL,NULL,NULL,NULL,NULL,NULL,6,06/06/2026,0,NULL,NULL,0
400,03/06/2025,110410089,NULL,NULL,32000,NULL,NULL,NULL,,NULL,NULL,NULL,NULL,NULL,NULL,NULL,NULL,NULL,NULL,NULL,NULL,NULL,6,06/06/2026,0,NULL,NULL,0
401,03/06/2025,110410090,NULL,NULL,346500,NULL,NULL,NULL,,NULL,NULL,NULL,NULL,NULL,NULL,NULL,NULL,NULL,NULL,NULL,NULL,NULL,6,06/06/2026,0,NULL,NULL,0
402,05/10/2025,110410090,NULL,NULL,37000,NULL,NULL,NULL,,NULL,NULL,NULL,NULL,NULL,NULL,NULL,NULL,NULL,NULL,NULL,NULL,NULL,6,06/06/2026,0,NULL,NULL,0
403,14/11/2025,110410091,NULL,NULL,450000,NULL,NULL,NULL,,NULL,NULL,NULL,NULL,NULL,NULL,NULL,NULL,NULL,NULL,NULL,NULL,NULL,6,06/06/2026,0,NULL,NULL,0
404,13/06/2025,110410091,NULL,NULL,10000,NULL,NULL,NULL,,NULL,NULL,NULL,NULL,NULL,NULL,NULL,NULL,NULL,NULL,NULL,NULL,NULL,6,06/06/2026,0,NULL,NULL,0
405,11/02/2026,110410091,NULL,NULL,207692,NULL,NULL,NULL,,NULL,NULL,NULL,NULL,NULL,NULL,NULL,NULL,NULL,NULL,NULL,NULL,NULL,6,06/06/2026,0,NULL,NULL,0
406,05/03/2026,110410092,NULL,NULL,100000,NULL,NULL,NULL,,NULL,NULL,NULL,NULL,NULL,NULL,NULL,NULL,NULL,NULL,NULL,NULL,NULL,6,06/06/2026,0,NULL,NULL,0
407,16/02/2026,110410092,NULL,NULL,346154,NULL,NULL,NULL,,NULL,NULL,NULL,NULL,NULL,NULL,NULL,NULL,NULL,NULL,NULL,NULL,NULL,6,06/06/2026,0,NULL,NULL,0
408,29/04/2026,110410092,NULL,NULL,173077,NULL,NULL,NULL,,NULL,NULL,NULL,NULL,NULL,NULL,NULL,NULL,NULL,NULL,NULL,NULL,NULL,6,06/06/2026,0,NULL,NULL,0
409,17/02/2026,110410094,NULL,NULL,372115,NULL,NULL,NULL,,NULL,NULL,NULL,NULL,NULL,NULL,NULL,NULL,NULL,NULL,NULL,NULL,NULL,6,06/06/2026,0,NULL,NULL,0
410,26/03/2026,110410094,NULL,NULL,163731,NULL,NULL,NULL,,NULL,NULL,NULL,NULL,NULL,NULL,NULL,NULL,NULL,NULL,NULL,NULL,NULL,6,06/06/2026,0,NULL,NULL,0
411,21/07/2025,110410094,NULL,NULL,100000,NULL,NULL,NULL,,NULL,NULL,NULL,NULL,NULL,NULL,NULL,NULL,NULL,NULL,NULL,NULL,NULL,6,06/06/2026,0,NULL,NULL,0
412,03/07/2025,110410094,NULL,NULL,100000,NULL,NULL,NULL,,NULL,NULL,NULL,NULL,NULL,NULL,NULL,NULL,NULL,NULL,NULL,NULL,NULL,6,06/06/2026,0,NULL,NULL,0
413,16/02/2026,110410095,NULL,NULL,311538,NULL,NULL,NULL,,NULL,NULL,NULL,NULL,NULL,NULL,NULL,NULL,NULL,NULL,NULL,NULL,NULL,6,06/06/2026,0,NULL,NULL,0
414,31/03/2026,110410095,NULL,NULL,124615,NULL,NULL,NULL,,NULL,NULL,NULL,NULL,NULL,NULL,NULL,NULL,NULL,NULL,NULL,NULL,NULL,6,06/06/2026,0,NULL,NULL,0
415,22/12/2025,110410096,NULL,NULL,300000,NULL,NULL,NULL,,NULL,NULL,NULL,NULL,NULL,NULL,NULL,NULL,NULL,NULL,NULL,NULL,NULL,6,06/06/2026,0,NULL,NULL,0
416,05/11/2025,110410096,NULL,NULL,350000,NULL,NULL,NULL,,NULL,NULL,NULL,NULL,NULL,NULL,NULL,NULL,NULL,NULL,NULL,NULL,NULL,6,06/06/2026,0,NULL,NULL,0
417,05/04/2023,221,NULL,NULL,60000,NULL,NULL,NULL,,NULL,NULL,NULL,NULL,NULL,NULL,NULL,NULL,NULL,NULL,NULL,NULL,NULL,6,06/06/2026,0,NULL,NULL,0
418,04/05/2026,463,NULL,NULL,13000,NULL,NULL,NULL,,NULL,NULL,NULL,NULL,NULL,NULL,NULL,NULL,NULL,NULL,NULL,NULL,NULL,6,06/06/2026,0,NULL,NULL,0
419,20/07/2025,463,NULL,NULL,11550,NULL,NULL,NULL,,NULL,NULL,NULL,NULL,NULL,NULL,NULL,NULL,NULL,NULL,NULL,NULL,NULL,6,06/06/2026,0,NULL,NULL,0
420,22/03/2024,51030054,NULL,NULL,640385,NULL,NULL,NULL,,NULL,NULL,NULL,NULL,NULL,NULL,NULL,NULL,NULL,NULL,NULL,NULL,NULL,6,06/06/2026,0,NULL,NULL,0
421,25/11/2024,51030063,NULL,NULL,297794,NULL,NULL,NULL,,NULL,NULL,NULL,NULL,NULL,NULL,NULL,NULL,NULL,NULL,NULL,NULL,NULL,6,06/06/2026,0,NULL,NULL,0
422,12/12/2025,51030078,NULL,NULL,100000,NULL,NULL,NULL,,NULL,NULL,NULL,NULL,NULL,NULL,NULL,NULL,NULL,NULL,NULL,NULL,NULL,6,06/06/2026,0,NULL,NULL,0
